db1.tbl5_dim2.col1,db1.tbl5_dim2.col2
1,1871
2,335
3,1594
4,731
5,652
6,1432
7,1210
8,1625
9,941
10,910
11,1365
12,656
13,1046
14,1957
15,1441
16,576
17,847
18,623
19,761
20,992
21,1480
22,1380
23,1647
24,1776
25,445
26,964
27,583
28,1151
29,83
30,1437
31,1841
32,649
33,502
34,522
35,647
36,356
37,160
38,685
39,1922
40,268
41,1435
42,1212
43,9
44,164
45,361
46,676
47,1420
48,1987
49,487
50,1267
51,834
52,1269
53,1533
54,879
55,108
56,1064
57,1247
58,1376
59,1564
60,1758
61,1338
62,895
63,648
64,453
65,89
66,1542
67,954
68,1538
69,1788
70,1043
71,673
72,1420
73,432
74,1844
75,221
76,1994
77,702
78,332
79,198
80,1738
81,127
82,1065
83,1087
84,583
85,836
86,1427
87,505
88,1112
89,167
90,1626
91,1884
92,1715
93,215
94,1412
95,489
96,1189
97,1834
98,135
99,689
100,589
101,1164
102,1119
103,162
104,444
105,1782
106,682
107,627
108,1513
109,1030
110,1225
111,1240
112,453
113,693
114,1168
115,342
116,703
117,610
118,870
119,1427
120,476
121,1286
122,1185
123,1228
124,479
125,682
126,1824
127,1896
128,1169
129,1940
130,1953
131,80
132,1364
133,1664
134,277
135,91
136,1255
137,1279
138,568
139,172
140,1867
141,463
142,1548
143,963
144,1629
145,1165
146,1786
147,1638
148,1293
149,705
150,897
151,1279
152,1624
153,1530
154,1828
155,729
156,1006
157,638
158,1021
159,1081
160,1164
161,1906
162,428
163,1499
164,674
165,1334
166,1888
167,1160
168,1922
169,1153
170,277
171,1236
172,279
173,1845
174,912
175,185
176,1356
177,190
178,1394
179,1447
180,705
181,347
182,1218
183,1965
184,839
185,991
186,434
187,119
188,1228
189,361
190,1913
191,1694
192,285
193,1575
194,628
195,1549
196,731
197,166
198,1239
199,297
200,885
201,1641
202,1146
203,564
204,1682
205,1056
206,892
207,453
208,594
209,1544
210,994
211,882
212,1784
213,579
214,859
215,882
216,1195
217,1459
218,1416
219,1014
220,695
221,704
222,967
223,1068
224,1325
225,784
226,1249
227,127
228,1346
229,1213
230,675
231,162
232,728
233,117
234,100
235,858
236,1849
237,1687
238,1060
239,1771
240,920
241,14
242,822
243,387
244,750
245,1464
246,383
247,1497
248,603
249,1188
250,611
251,572
252,117
253,1031
254,1129
255,567
256,1841
257,1982
258,929
259,1898
260,287
261,1736
262,334
263,1025
264,1235
265,681
266,92
267,724
268,1463
269,1279
270,249
271,825
272,468
273,491
274,1397
275,107
276,56
277,958
278,1101
279,1887
280,1441
281,845
282,1185
283,1831
284,526
285,1043
286,1828
287,1061
288,1239
289,99
290,1416
291,1961
292,1935
293,1303
294,1963
295,150
296,1399
297,1883
298,18
299,1435
300,1559
301,1793
302,1030
303,512
304,1714
305,670
306,76
307,529
308,1484
309,784
310,111
311,1035
312,1361
313,305
314,961
315,517
316,1414
317,310
318,1993
319,876
320,526
321,1431
322,1873
323,1825
324,1491
325,548
326,1727
327,402
328,70
329,758
330,988
331,972
332,1304
333,1106
334,1239
335,234
336,897
337,689
338,1569
339,1957
340,934
341,809
342,741
343,990
344,717
345,1288
346,855
347,964
348,827
349,1882
350,1339
351,1661
352,647
353,1640
354,695
355,1326
356,77
357,822
358,1871
359,90
360,321
361,30
362,1339
363,1853
364,898
365,953
366,541
367,1603
368,76
369,525
370,1485
371,702
372,173
373,788
374,1426
375,206
376,791
377,1353
378,1375
379,423
380,557
381,125
382,1515
383,1097
384,1540
385,1722
386,709
387,27
388,18
389,1549
390,1926
391,927
392,301
393,722
394,652
395,137
396,504
397,279
398,445
399,455
400,1718
401,230
402,914
403,569
404,1711
405,1884
406,71
407,907
408,1939
409,25
410,873
411,81
412,1666
413,851
414,916
415,1506
416,1577
417,746
418,60
419,566
420,782
421,1222
422,1632
423,318
424,1343
425,820
426,1191
427,69
428,506
429,835
430,1095
431,757
432,1949
433,968
434,1131
435,440
436,1989
437,1228
438,280
439,1096
440,1549
441,1489
442,217
443,1059
444,657
445,767
446,1000
447,271
448,13
449,1717
450,716
451,1254
452,483
453,1551
454,680
455,1912
456,204
457,976
458,403
459,306
460,1092
461,200
462,417
463,410
464,608
465,293
466,802
467,1682
468,280
469,1305
470,1970
471,700
472,1151
473,1797
474,1920
475,42
476,13
477,18
478,1415
479,1675
480,290
481,1541
482,1259
483,1274
484,1882
485,923
486,88
487,1999
488,1977
489,1963
490,1510
491,1303
492,186
493,1424
494,1616
495,1664
496,275
497,1771
498,1190
499,1029
500,795
501,1076
502,1000
503,1088
504,1776
505,1803
506,1791
507,1998
508,963
509,760
510,29
511,1442
512,357
513,1565
514,847
515,775
516,1151
517,1834
518,298
519,745
520,470
521,749
522,493
523,1394
524,1926
525,792
526,292
527,395
528,1968
529,1591
530,1984
531,1404
532,568
533,439
534,296
535,467
536,500
537,523
538,944
539,768
540,1729
541,342
542,583
543,125
544,903
545,1561
546,810
547,876
548,1713
549,712
550,540
551,1270
552,381
553,241
554,1360
555,1684
556,1853
557,95
558,220
559,476
560,904
561,1402
562,527
563,1079
564,562
565,1306
566,1645
567,1001
568,70
569,1701
570,631
571,570
572,1614
573,236
574,1161
575,862
576,177
577,956
578,1925
579,829
580,321
581,1682
582,1400
583,145
584,1646
585,1900
586,813
587,1940
588,1181
589,1576
590,1156
591,1908
592,74
593,1919
594,461
595,1573
596,1721
597,1991
598,1978
599,1368
600,1690
601,695
602,698
603,762
604,1712
605,976
606,1867
607,1230
608,1925
609,798
610,1545
611,1035
612,1483
613,1373
614,916
615,13
616,1778
617,540
618,262
619,1728
620,1286
621,783
622,1679
623,908
624,1436
625,840
626,1404
627,60
628,1388
629,1310
630,1594
631,1902
632,1797
633,1310
634,1786
635,1263
636,1538
637,996
638,1433
639,1697
640,732
641,324
642,1614
643,1225
644,998
645,382
646,956
647,1836
648,1631
649,339
650,40
651,359
652,1226
653,783
654,64
655,710
656,838
657,1248
658,1027
659,244
660,1421
661,1870
662,1873
663,1985
664,25
665,654
666,164
667,1962
668,1804
669,553
670,1857
671,644
672,606
673,1055
674,1218
675,381
676,1506
677,1722
678,229
679,1385
680,1987
681,730
682,1129
683,747
684,860
685,939
686,258
687,1615
688,416
689,577
690,874
691,1433
692,1307
693,170
694,586
695,727
696,1112
697,186
698,290
699,1660
700,372
701,1388
702,405
703,1408
704,1893
705,1311
706,669
707,1834
708,11
709,454
710,921
711,91
712,961
713,700
714,1564
715,1777
716,1723
717,1179
718,168
719,1838
720,1323
721,265
722,633
723,874
724,19
725,792
726,240
727,426
728,724
729,54
730,1200
731,1147
732,859
733,266
734,630
735,595
736,1768
737,71
738,992
739,1839
740,912
741,242
742,429
743,613
744,119
745,1362
746,317
747,716
748,1840
749,1290
750,484
751,1254
752,1216
753,1873
754,1280
755,1207
756,1825
757,1801
758,187
759,1772
760,287
761,793
762,83
763,182
764,502
765,1985
766,1177
767,350
768,1377
769,1256
770,1002
771,132
772,1791
773,339
774,1258
775,1636
776,1801
777,177
778,836
779,1465
780,579
781,1647
782,311
783,227
784,1827
785,479
786,779
787,1364
788,405
789,1747
790,504
791,27
792,1880
793,1691
794,428
795,396
796,1121
797,463
798,259
799,1107
800,921
801,1381
802,645
803,844
804,439
805,592
806,290
807,480
808,1233
809,1875
810,1138
811,862
812,1400
813,1376
814,32
815,1348
816,1273
817,1918
818,282
819,441
820,899
821,1745
822,1392
823,1370
824,1939
825,557
826,1664
827,1686
828,1647
829,1307
830,1871
831,1440
832,1742
833,126
834,1944
835,1408
836,1572
837,164
838,1031
839,318
840,506
841,704
842,938
843,521
844,724
845,1085
846,1970
847,1224
848,1639
849,1510
850,697
851,1729
852,244
853,224
854,1984
855,112
856,199
857,788
858,1941
859,1319
860,1456
861,1745
862,778
863,1112
864,737
865,1839
866,898
867,600
868,620
869,1271
870,1842
871,1043
872,1912
873,1249
874,1055
875,169
876,1999
877,1957
878,1027
879,123
880,702
881,828
882,845
883,193
884,1329
885,130
886,394
887,1463
888,960
889,1349
890,766
891,396
892,1749
893,1997
894,579
895,885
896,1846
897,682
898,1068
899,1085
900,1582
901,699
902,48
903,545
904,811
905,1885
906,1079
907,1841
908,1312
909,1247
910,1602
911,1003
912,1778
913,1987
914,440
915,1448
916,1719
917,514
918,567
919,1984
920,1703
921,922
922,66
923,1764
924,1344
925,1538
926,741
927,36
928,1889
929,1418
930,1754
931,1221
932,1144
933,1395
934,1353
935,1725
936,495
937,1827
938,420
939,1069
940,1463
941,1852
942,1424
943,893
944,1564
945,1456
946,1367
947,406
948,559
949,389
950,1097
951,56
952,193
953,1519
954,8
955,1267
956,1818
957,830
958,1236
959,417
960,157
961,463
962,940
963,1756
964,1181
965,14
966,1701
967,926
968,1232
969,1729
970,180
971,409
972,1223
973,1931
974,1719
975,1469
976,1081
977,960
978,1340
979,1202
980,701
981,1374
982,71
983,1351
984,1842
985,85
986,668
987,656
988,1899
989,1235
990,920
991,730
992,273
993,94
994,1395
995,84
996,1764
997,498
998,1584
999,1266
1000,506
1001,15
1002,1791
1003,1512
1004,859
1005,1414
1006,1909
1007,832
1008,1141
1009,147
1010,434
1011,1122
1012,775
1013,1023
1014,1092
1015,1630
1016,60
1017,1047
1018,244
1019,618
1020,1998
1021,1212
1022,1889
1023,782
1024,1145
1025,1700
1026,831
1027,217
1028,714
1029,779
1030,1773
1031,808
1032,1132
1033,770
1034,420
1035,1464
1036,515
1037,1572
1038,477
1039,1614
1040,1266
1041,1932
1042,783
1043,1707
1044,1088
1045,730
1046,1561
1047,1439
1048,1276
1049,783
1050,1456
1051,202
1052,605
1053,1339
1054,1985
1055,1500
1056,1937
1057,1082
1058,643
1059,922
1060,529
1061,1387
1062,1478
1063,1958
1064,1869
1065,874
1066,1325
1067,165
1068,156
1069,1370
1070,254
1071,1971
1072,1016
1073,450
1074,1105
1075,841
1076,87
1077,1404
1078,1791
1079,1047
1080,1469
1081,1785
1082,798
1083,474
1084,156
1085,924
1086,621
1087,1583
1088,1485
1089,942
1090,36
1091,125
1092,1208
1093,1534
1094,1352
1095,311
1096,1043
1097,1948
1098,744
1099,188
1100,629
1101,686
1102,1817
1103,128
1104,200
1105,1599
1106,497
1107,376
1108,1784
1109,317
1110,1705
1111,832
1112,1105
1113,724
1114,1198
1115,362
1116,1454
1117,781
1118,1910
1119,637
1120,863
1121,1288
1122,162
1123,1354
1124,892
1125,1916
1126,60
1127,1633
1128,1949
1129,1766
1130,194
1131,1894
1132,1633
1133,1450
1134,953
1135,1383
1136,324
1137,1286
1138,787
1139,1684
1140,924
1141,549
1142,616
1143,1188
1144,1696
1145,548
1146,1440
1147,1307
1148,169
1149,365
1150,1711
1151,1521
1152,1389
1153,1927
1154,1770
1155,1085
1156,1900
1157,868
1158,527
1159,208
1160,558
1161,1479
1162,360
1163,90
1164,181
1165,518
1166,989
1167,950
1168,626
1169,98
1170,1330
1171,1839
1172,1289
1173,537
1174,1474
1175,948
1176,1680
1177,1690
1178,619
1179,455
1180,1497
1181,1204
1182,1278
1183,668
1184,356
1185,313
1186,1205
1187,701
1188,639
1189,582
1190,1456
1191,1529
1192,1440
1193,754
1194,719
1195,84
1196,491
1197,1672
1198,838
1199,349
1200,1458
1201,1927
1202,1403
1203,481
1204,1118
1205,526
1206,1057
1207,1781
1208,1014
1209,1708
1210,1845
1211,149
1212,1095
1213,827
1214,283
1215,1482
1216,1494
1217,332
1218,1434
1219,754
1220,372
1221,234
1222,96
1223,1317
1224,1609
1225,251
1226,40
1227,1971
1228,307
1229,1814
1230,92
1231,1541
1232,487
1233,845
1234,1298
1235,1972
1236,486
1237,805
1238,1130
1239,229
1240,1400
1241,97
1242,336
1243,176
1244,736
1245,1115
1246,250
1247,1525
1248,215
1249,1871
1250,537
1251,1067
1252,51
1253,1896
1254,1951
1255,851
1256,51
1257,238
1258,1724
1259,757
1260,982
1261,331
1262,158
1263,286
1264,1826
1265,1014
1266,1704
1267,1934
1268,838
1269,1389
1270,337
1271,1099
1272,74
1273,356
1274,284
1275,1077
1276,1246
1277,832
1278,1684
1279,1576
1280,1555
1281,1595
1282,954
1283,182
1284,1659
1285,269
1286,620
1287,1762
1288,501
1289,1416
1290,837
1291,1372
1292,1517
1293,1780
1294,1557
1295,624
1296,514
1297,1722
1298,420
1299,1476
1300,1725
1301,464
1302,101
1303,290
1304,1937
1305,1682
1306,1688
1307,1339
1308,231
1309,1046
1310,1650
1311,1690
1312,588
1313,1315
1314,608
1315,198
1316,1393
1317,159
1318,299
1319,1496
1320,458
1321,726
1322,666
1323,301
1324,1382
1325,943
1326,18
1327,1572
1328,1462
1329,46
1330,87
1331,61
1332,38
1333,1184
1334,1697
1335,636
1336,738
1337,393
1338,833
1339,983
1340,1782
1341,38
1342,1123
1343,512
1344,675
1345,1915
1346,1566
1347,621
1348,991
1349,511
1350,472
1351,1884
1352,200
1353,247
1354,772
1355,912
1356,1669
1357,1628
1358,380
1359,956
1360,406
1361,1204
1362,658
1363,941
1364,1875
1365,573
1366,1333
1367,1891
1368,1858
1369,1601
1370,752
1371,559
1372,559
1373,1263
1374,741
1375,1597
1376,380
1377,1357
1378,1331
1379,945
1380,583
1381,1024
1382,490
1383,716
1384,1740
1385,1526
1386,1826
1387,381
1388,1255
1389,1877
1390,1419
1391,1732
1392,904
1393,1338
1394,862
1395,796
1396,501
1397,861
1398,1910
1399,616
1400,395
1401,216
1402,480
1403,167
1404,575
1405,1714
1406,1033
1407,1237
1408,966
1409,852
1410,1253
1411,1608
1412,12
1413,1650
1414,669
1415,1843
1416,565
1417,529
1418,692
1419,1546
1420,481
1421,1625
1422,1520
1423,686
1424,800
1425,609
1426,1894
1427,1564
1428,876
1429,932
1430,1688
1431,969
1432,417
1433,11
1434,550
1435,1682
1436,1729
1437,492
1438,879
1439,1249
1440,1355
1441,1976
1442,1800
1443,1179
1444,276
1445,717
1446,439
1447,1364
1448,698
1449,1107
1450,1214
1451,300
1452,731
1453,1056
1454,290
1455,638
1456,873
1457,363
1458,1106
1459,867
1460,25
1461,342
1462,372
1463,927
1464,474
1465,339
1466,1743
1467,1513
1468,445
1469,892
1470,121
1471,1663
1472,1006
1473,1473
1474,1320
1475,833
1476,774
1477,1960
1478,638
1479,1963
1480,1957
1481,1682
1482,430
1483,400
1484,969
1485,964
1486,101
1487,1890
1488,1698
1489,464
1490,1645
1491,1429
1492,1211
1493,1059
1494,1928
1495,1389
1496,873
1497,876
1498,595
1499,1667
1500,1958
1501,105
1502,202
1503,1334
1504,1054
1505,903
1506,1903
1507,1088
1508,777
1509,599
1510,1904
1511,660
1512,1047
1513,1686
1514,1348
1515,35
1516,231
1517,1625
1518,1249
1519,359
1520,1214
1521,1618
1522,465
1523,1713
1524,198
1525,740
1526,1777
1527,1015
1528,1986
1529,861
1530,1634
1531,162
1532,665
1533,178
1534,1176
1535,1830
1536,458
1537,564
1538,1597
1539,104
1540,1860
1541,1223
1542,1936
1543,677
1544,286
1545,1971
1546,365
1547,549
1548,1788
1549,729
1550,410
1551,339
1552,282
1553,1677
1554,103
1555,701
1556,781
1557,683
1558,1212
1559,202
1560,51
1561,1529
1562,757
1563,790
1564,119
1565,1515
1566,1481
1567,1661
1568,184
1569,1450
1570,1480
1571,1414
1572,276
1573,1594
1574,119
1575,584
1576,114
1577,1419
1578,1635
1579,137
1580,585
1581,1808
1582,259
1583,1679
1584,1519
1585,1178
1586,615
1587,825
1588,543
1589,1053
1590,1324
1591,924
1592,1173
1593,1744
1594,1552
1595,124
1596,1614
1597,159
1598,394
1599,912
1600,1906
1601,1190
1602,1736
1603,1817
1604,189
1605,1548
1606,284
1607,238
1608,681
1609,1767
1610,1222
1611,264
1612,684
1613,1839
1614,1220
1615,839
1616,588
1617,1707
1618,942
1619,1059
1620,1460
1621,1953
1622,395
1623,1405
1624,1259
1625,177
1626,431
1627,68
1628,1066
1629,1169
1630,193
1631,1086
1632,1730
1633,1632
1634,507
1635,1783
1636,1678
1637,984
1638,808
1639,1754
1640,1225
1641,1791
1642,1345
1643,366
1644,1202
1645,143
1646,468
1647,1080
1648,1702
1649,432
1650,1447
1651,295
1652,235
1653,983
1654,1636
1655,413
1656,665
1657,1462
1658,1101
1659,107
1660,6
1661,1593
1662,1417
1663,1251
1664,33
1665,153
1666,1153
1667,556
1668,25
1669,744
1670,1432
1671,1115
1672,1620
1673,1426
1674,1801
1675,1507
1676,1694
1677,499
1678,330
1679,1760
1680,1386
1681,1443
1682,1473
1683,1090
1684,869
1685,369
1686,49
1687,1732
1688,1021
1689,1720
1690,1472
1691,1395
1692,1489
1693,1653
1694,95
1695,288
1696,215
1697,1973
1698,81
1699,1626
1700,458
1701,1405
1702,678
1703,1419
1704,789
1705,1293
1706,466
1707,1916
1708,424
1709,542
1710,1122
1711,1467
1712,1394
1713,265
1714,630
1715,1522
1716,700
1717,1941
1718,126
1719,278
1720,907
1721,1401
1722,1383
1723,1900
1724,437
1725,1704
1726,142
1727,314
1728,28
1729,1052
1730,1394
1731,985
1732,1368
1733,471
1734,762
1735,731
1736,1538
1737,421
1738,778
1739,406
1740,496
1741,1936
1742,1146
1743,1362
1744,1499
1745,749
1746,274
1747,982
1748,1283
1749,814
1750,1890
1751,123
1752,1327
1753,1405
1754,846
1755,1636
1756,487
1757,1582
1758,360
1759,46
1760,337
1761,896
1762,266
1763,1989
1764,1343
1765,1081
1766,1939
1767,333
1768,1146
1769,147
1770,1233
1771,922
1772,144
1773,600
1774,1925
1775,999
1776,736
1777,1574
1778,997
1779,343
1780,741
1781,1308
1782,1284
1783,1812
1784,1730
1785,189
1786,834
1787,494
1788,445
1789,432
1790,680
1791,993
1792,1588
1793,1206
1794,1776
1795,439
1796,192
1797,947
1798,1281
1799,940
1800,1833
1801,214
1802,673
1803,808
1804,458
1805,1387
1806,320
1807,1790
1808,14
1809,1189
1810,1480
1811,1288
1812,1534
1813,725
1814,690
1815,77
1816,207
1817,872
1818,193
1819,99
1820,202
1821,1903
1822,1505
1823,302
1824,7
1825,1795
1826,1195
1827,1305
1828,1416
1829,1223
1830,1038
1831,1333
1832,1775
1833,1518
1834,1067
1835,1204
1836,1077
1837,651
1838,1407
1839,320
1840,1828
1841,455
1842,158
1843,24
1844,231
1845,560
1846,477
1847,1656
1848,418
1849,1515
1850,1812
1851,151
1852,1568
1853,327
1854,770
1855,653
1856,121
1857,1283
1858,1176
1859,1268
1860,630
1861,884
1862,1816
1863,200
1864,554
1865,1058
1866,1628
1867,817
1868,229
1869,920
1870,1627
1871,1885
1872,998
1873,1774
1874,1787
1875,852
1876,231
1877,926
1878,1355
1879,1945
1880,1711
1881,124
1882,367
1883,9
1884,1191
1885,136
1886,1744
1887,1016
1888,719
1889,1332
1890,1340
1891,195
1892,712
1893,681
1894,1241
1895,1375
1896,1202
1897,1932
1898,1932
1899,376
1900,279
1901,1097
1902,499
1903,1120
1904,1058
1905,1524
1906,1309
1907,928
1908,961
1909,613
1910,1799
1911,1922
1912,1271
1913,596
1914,881
1915,897
1916,436
1917,399
1918,240
1919,1902
1920,1471
1921,1686
1922,688
1923,118
1924,1929
1925,763
1926,1643
1927,687
1928,489
1929,1153
1930,1461
1931,1131
1932,1274
1933,1300
1934,1523
1935,1057
1936,755
1937,1190
1938,1652
1939,1324
1940,1031
1941,1821
1942,787
1943,924
1944,182
1945,83
1946,1773
1947,175
1948,1049
1949,1390
1950,795
1951,743
1952,1220
1953,617
1954,332
1955,180
1956,618
1957,1766
1958,333
1959,1993
1960,1509
1961,1939
1962,943
1963,275
1964,55
1965,2
1966,1930
1967,1896
1968,1502
1969,888
1970,421
1971,1534
1972,1879
1973,1813
1974,1832
1975,109
1976,636
1977,1391
1978,1384
1979,1943
1980,1265
1981,1124
1982,1432
1983,1278
1984,834
1985,220
1986,1492
1987,852
1988,1160
1989,1968
1990,712
1991,1005
1992,1315
1993,1284
1994,3
1995,1960
1996,1805
1997,1547
1998,811
1999,1601
2000,165
2001,588
2002,174
2003,1239
2004,1404
2005,367
2006,237
2007,1262
2008,1387
2009,473
2010,1267
2011,1751
2012,666
2013,1332
2014,1011
2015,1564
2016,878
2017,756
2018,1249
2019,579
2020,1392
2021,568
2022,998
2023,1300
2024,368
2025,1434
2026,831
2027,1661
2028,746
2029,73
2030,1437
2031,478
2032,239
2033,140
2034,1767
2035,1064
2036,1751
2037,1014
2038,844
2039,40
2040,1461
2041,557
2042,896
2043,796
2044,971
2045,409
2046,854
2047,827
2048,609
2049,701
2050,3
2051,624
2052,855
2053,1239
2054,280
2055,270
2056,1152
2057,375
2058,314
2059,1128
2060,798
2061,503
2062,958
2063,393
2064,1194
2065,1602
2066,1355
2067,363
2068,278
2069,458
2070,1200
2071,395
2072,216
2073,570
2074,1347
2075,1726
2076,2
2077,88
2078,1444
2079,278
2080,432
2081,1756
2082,76
2083,1645
2084,368
2085,1571
2086,1143
2087,823
2088,914
2089,32
2090,802
2091,1054
2092,1457
2093,1837
2094,777
2095,886
2096,1074
2097,1490
2098,217
2099,1419
2100,966
2101,89
2102,129
2103,826
2104,31
2105,379
2106,266
2107,1531
2108,1964
2109,53
2110,1817
2111,1927
2112,647
2113,1894
2114,380
2115,1448
2116,1736
2117,621
2118,1376
2119,1247
2120,752
2121,1332
2122,1372
2123,1636
2124,1777
2125,1362
2126,1874
2127,942
2128,1293
2129,1392
2130,48
2131,640
2132,533
2133,1026
2134,746
2135,1849
2136,1803
2137,1917
2138,1728
2139,315
2140,930
2141,243
2142,473
2143,179
2144,874
2145,702
2146,69
2147,1032
2148,1477
2149,1686
2150,1758
2151,1586
2152,597
2153,172
2154,779
2155,5
2156,613
2157,1913
2158,1225
2159,162
2160,596
2161,1298
2162,138
2163,1210
2164,682
2165,574
2166,488
2167,1303
2168,716
2169,1358
2170,1318
2171,1580
2172,465
2173,1524
2174,1883
2175,1449
2176,558
2177,121
2178,1311
2179,377
2180,1720
2181,1100
2182,1947
2183,1314
2184,1084
2185,424
2186,477
2187,1539
2188,621
2189,1037
2190,1165
2191,1510
2192,829
2193,282
2194,39
2195,1497
2196,1722
2197,1726
2198,762
2199,591
2200,865
2201,1832
2202,1044
2203,1866
2204,1271
2205,900
2206,478
2207,458
2208,332
2209,1861
2210,861
2211,559
2212,461
2213,1160
2214,300
2215,155
2216,920
2217,762
2218,1219
2219,1441
2220,976
2221,929
2222,1355
2223,1300
2224,35
2225,467
2226,766
2227,1503
2228,1491
2229,126
2230,1282
2231,519
2232,815
2233,1653
2234,1
2235,292
2236,1117
2237,1195
2238,159
2239,1841
2240,1181
2241,1142
2242,845
2243,898
2244,44
2245,134
2246,1178
2247,1253
2248,1183
2249,1226
2250,947
2251,1134
2252,801
2253,265
2254,641
2255,1949
2256,1180
2257,1261
2258,16
2259,494
2260,946
2261,1491
2262,152
2263,1636
2264,1464
2265,1207
2266,1572
2267,64
2268,130
2269,1941
2270,148
2271,104
2272,387
2273,1250
2274,771
2275,1559
2276,668
2277,1174
2278,845
2279,1849
2280,482
2281,570
2282,1798
2283,1532
2284,1708
2285,1279
2286,1181
2287,379
2288,52
2289,678
2290,906
2291,651
2292,1506
2293,55
2294,1902
2295,176
2296,593
2297,428
2298,1487
2299,900
2300,171
2301,1632
2302,340
2303,969
2304,970
2305,400
2306,1624
2307,689
2308,158
2309,1993
2310,1783
2311,872
2312,175
2313,891
2314,967
2315,329
2316,999
2317,61
2318,1741
2319,1733
2320,126
2321,1428
2322,1766
2323,1829
2324,1571
2325,8
2326,738
2327,1260
2328,1845
2329,593
2330,1007
2331,1548
2332,626
2333,475
2334,746
2335,122
2336,198
2337,555
2338,1202
2339,1482
2340,1140
2341,1437
2342,1516
2343,612
2344,1757
2345,379
2346,1503
2347,161
2348,245
2349,1502
2350,1625
2351,1219
2352,1939
2353,1793
2354,497
2355,1825
2356,1187
2357,1991
2358,618
2359,68
2360,320
2361,1620
2362,298
2363,1473
2364,444
2365,1131
2366,1525
2367,157
2368,1129
2369,825
2370,1017
2371,1369
2372,216
2373,536
2374,312
2375,1017
2376,1809
2377,977
2378,870
2379,1417
2380,1650
2381,1938
2382,1070
2383,1986
2384,1510
2385,468
2386,757
2387,973
2388,276
2389,1021
2390,434
2391,228
2392,1256
2393,1710
2394,271
2395,1072
2396,395
2397,953
2398,1815
2399,1313
2400,922
2401,1108
2402,1858
2403,1805
2404,229
2405,100
2406,1001
2407,952
2408,1068
2409,256
2410,1115
2411,1260
2412,1629
2413,947
2414,1046
2415,1631
2416,857
2417,773
2418,7
2419,1659
2420,1932
2421,92
2422,929
2423,1674
2424,732
2425,597
2426,629
2427,621
2428,1115
2429,1735
2430,585
2431,1342
2432,1510
2433,916
2434,931
2435,815
2436,1782
2437,1
2438,1434
2439,1128
2440,989
2441,935
2442,1337
2443,1481
2444,299
2445,1855
2446,647
2447,1408
2448,1814
2449,1054
2450,1032
2451,475
2452,481
2453,1907
2454,713
2455,1353
2456,1948
2457,232
2458,1458
2459,1524
2460,1565
2461,1755
2462,274
2463,1435
2464,1168
2465,602
2466,163
2467,1167
2468,1070
2469,735
2470,1469
2471,343
2472,1994
2473,466
2474,1927
2475,1633
2476,171
2477,485
2478,706
2479,1855
2480,1135
2481,1481
2482,1853
2483,1418
2484,1485
2485,1160
2486,901
2487,1589
2488,1150
2489,949
2490,1377
2491,567
2492,598
2493,1154
2494,1790
2495,1934
2496,490
2497,1422
2498,1692
2499,1222
2500,566
2501,91
2502,227
2503,1133
2504,280
2505,1911
2506,549
2507,1108
2508,1363
2509,1221
2510,976
2511,1248
2512,623
2513,767
2514,236
2515,633
2516,1892
2517,1565
2518,1611
2519,1796
2520,1162
2521,1308
2522,1753
2523,585
2524,760
2525,1256
2526,984
2527,38
2528,607
2529,918
2530,479
2531,981
2532,342
2533,406
2534,957
2535,1298
2536,638
2537,673
2538,25
2539,1711
2540,1291
2541,1316
2542,1691
2543,979
2544,951
2545,1984
2546,110
2547,1451
2548,1937
2549,36
2550,1816
2551,1128
2552,1213
2553,1715
2554,190
2555,1837
2556,1137
2557,109
2558,1939
2559,152
2560,673
2561,1524
2562,471
2563,1560
2564,924
2565,767
2566,896
2567,951
2568,543
2569,1998
2570,1033
2571,1898
2572,1614
2573,344
2574,89
2575,1470
2576,443
2577,1775
2578,398
2579,671
2580,917
2581,1547
2582,842
2583,746
2584,1512
2585,527
2586,306
2587,1567
2588,1661
2589,227
2590,386
2591,1932
2592,825
2593,23
2594,1036
2595,516
2596,177
2597,374
2598,401
2599,1209
2600,502
2601,861
2602,1481
2603,866
2604,1306
2605,538
2606,384
2607,707
2608,1789
2609,819
2610,598
2611,122
2612,1214
2613,211
2614,844
2615,279
2616,1301
2617,1191
2618,1927
2619,727
2620,944
2621,1684
2622,1858
2623,1132
2624,1361
2625,957
2626,1955
2627,639
2628,1520
2629,782
2630,1189
2631,575
2632,1404
2633,1779
2634,1734
2635,714
2636,966
2637,589
2638,1427
2639,1840
2640,801
2641,200
2642,1043
2643,755
2644,1758
2645,21
2646,1963
2647,24
2648,1637
2649,1715
2650,1171
2651,1012
2652,616
2653,357
2654,36
2655,843
2656,612
2657,1678
2658,1655
2659,853
2660,922
2661,1262
2662,201
2663,959
2664,907
2665,764
2666,138
2667,338
2668,1111
2669,1598
2670,1368
2671,973
2672,1647
2673,444
2674,1966
2675,1584
2676,1017
2677,1568
2678,845
2679,180
2680,789
2681,1507
2682,915
2683,474
2684,1873
2685,1493
2686,1803
2687,441
2688,581
2689,356
2690,1598
2691,1114
2692,1272
2693,1992
2694,1447
2695,685
2696,934
2697,624
2698,304
2699,45
2700,984
2701,1170
2702,1552
2703,941
2704,1393
2705,192
2706,1317
2707,870
2708,144
2709,124
2710,1844
2711,1169
2712,1261
2713,1158
2714,171
2715,294
2716,1148
2717,1151
2718,1879
2719,392
2720,357
2721,735
2722,687
2723,207
2724,856
2725,614
2726,1082
2727,534
2728,611
2729,629
2730,395
2731,1990
2732,668
2733,322
2734,764
2735,1397
2736,1053
2737,1306
2738,1403
2739,867
2740,1174
2741,921
2742,931
2743,1598
2744,434
2745,348
2746,1741
2747,1726
2748,1316
2749,626
2750,542
2751,1176
2752,1176
2753,685
2754,285
2755,278
2756,384
2757,1044
2758,254
2759,113
2760,1971
2761,648
2762,1582
2763,1697
2764,1505
2765,64
2766,462
2767,378
2768,1227
2769,1068
2770,1129
2771,1586
2772,1668
2773,1668
2774,848
2775,600
2776,450
2777,1315
2778,1499
2779,903
2780,1854
2781,1772
2782,1000
2783,1641
2784,1841
2785,924
2786,1986
2787,216
2788,107
2789,353
2790,742
2791,1447
2792,1227
2793,307
2794,1669
2795,1199
2796,100
2797,1666
2798,173
2799,1207
2800,1440
2801,1823
2802,868
2803,385
2804,166
2805,400
2806,1123
2807,1554
2808,415
2809,597
2810,812
2811,1973
2812,81
2813,1879
2814,1512
2815,1191
2816,743
2817,1
2818,1946
2819,1366
2820,1953
2821,1823
2822,566
2823,1227
2824,1811
2825,1529
2826,1644
2827,310
2828,328
2829,363
2830,1990
2831,1882
2832,319
2833,356
2834,167
2835,594
2836,1046
2837,350
2838,1542
2839,1132
2840,1393
2841,1509
2842,285
2843,393
2844,524
2845,1612
2846,1304
2847,225
2848,1341
2849,487
2850,334
2851,435
2852,1837
2853,1121
2854,1832
2855,1851
2856,903
2857,515
2858,1011
2859,1275
2860,1278
2861,408
2862,1349
2863,1172
2864,349
2865,1335
2866,1614
2867,1234
2868,1837
2869,1910
2870,1603
2871,301
2872,939
2873,458
2874,771
2875,1743
2876,311
2877,261
2878,500
2879,919
2880,1830
2881,1096
2882,1633
2883,382
2884,1271
2885,1828
2886,987
2887,1519
2888,1741
2889,1945
2890,1787
2891,795
2892,571
2893,344
2894,574
2895,1013
2896,153
2897,1982
2898,1169
2899,146
2900,743
2901,15
2902,1535
2903,970
2904,1426
2905,1822
2906,1711
2907,49
2908,1623
2909,12
2910,658
2911,1430
2912,1897
2913,157
2914,924
2915,572
2916,1416
2917,1391
2918,376
2919,831
2920,109
2921,1828
2922,1287
2923,423
2924,223
2925,1152
2926,1007
2927,520
2928,155
2929,351
2930,292
2931,1478
2932,1135
2933,1475
2934,1610
2935,1579
2936,911
2937,1716
2938,1809
2939,1212
2940,34
2941,211
2942,732
2943,586
2944,1696
2945,484
2946,1228
2947,1930
2948,485
2949,698
2950,1460
2951,1161
2952,1236
2953,929
2954,1790
2955,284
2956,501
2957,416
2958,784
2959,560
2960,134
2961,780
2962,387
2963,1220
2964,123
2965,746
2966,77
2967,900
2968,1297
2969,135
2970,1347
2971,153
2972,837
2973,1045
2974,988
2975,1664
2976,34
2977,1246
2978,1858
2979,1222
2980,809
2981,1879
2982,1252
2983,735
2984,1620
2985,1471
2986,1283
2987,1040
2988,354
2989,1441
2990,522
2991,984
2992,652
2993,1123
2994,1159
2995,209
2996,317
2997,1581
2998,1222
2999,1405
3000,385
3001,1793
3002,858
3003,1361
3004,1537
3005,948
3006,316
3007,685
3008,611
3009,303
3010,401
3011,1877
3012,1226
3013,415
3014,577
3015,1813
3016,151
3017,714
3018,1913
3019,142
3020,367
3021,656
3022,712
3023,3
3024,1550
3025,891
3026,1285
3027,1978
3028,1365
3029,825
3030,1760
3031,708
3032,301
3033,1408
3034,1419
3035,1602
3036,9
3037,1298
3038,748
3039,1630
3040,688
3041,1237
3042,808
3043,969
3044,718
3045,1905
3046,1516
3047,1105
3048,1839
3049,964
3050,695
3051,986
3052,115
3053,1644
3054,1576
3055,1116
3056,1338
3057,1013
3058,326
3059,1000
3060,1915
3061,1649
3062,980
3063,1296
3064,1440
3065,577
3066,1709
3067,1301
3068,1008
3069,752
3070,1086
3071,208
3072,1708
3073,1791
3074,998
3075,752
3076,579
3077,345
3078,990
3079,50
3080,1195
3081,1226
3082,1656
3083,973
3084,1019
3085,916
3086,1626
3087,710
3088,1678
3089,1146
3090,1466
3091,624
3092,339
3093,875
3094,615
3095,1220
3096,1226
3097,1693
3098,807
3099,1671
3100,1766
3101,1053
3102,196
3103,1487
3104,590
3105,80
3106,535
3107,751
3108,750
3109,378
3110,588
3111,1532
3112,793
3113,1935
3114,1188
3115,453
3116,1921
3117,1618
3118,1198
3119,331
3120,389
3121,1443
3122,315
3123,1001
3124,803
3125,1351
3126,1182
3127,1083
3128,1884
3129,746
3130,1274
3131,657
3132,401
3133,309
3134,1310
3135,1700
3136,859
3137,967
3138,895
3139,1375
3140,1622
3141,1102
3142,262
3143,1182
3144,863
3145,1613
3146,1713
3147,79
3148,192
3149,1671
3150,1183
3151,652
3152,1217
3153,923
3154,1302
3155,1974
3156,605
3157,328
3158,1672
3159,1738
3160,1500
3161,1351
3162,1810
3163,1007
3164,1446
3165,1933
3166,1429
3167,445
3168,1871
3169,793
3170,1615
3171,1463
3172,1999
3173,1675
3174,388
3175,1627
3176,1659
3177,434
3178,1539
3179,1894
3180,978
3181,1762
3182,1207
3183,1814
3184,1618
3185,1228
3186,1681
3187,582
3188,727
3189,429
3190,1422
3191,1825
3192,1927
3193,1398
3194,1879
3195,605
3196,1020
3197,34
3198,1022
3199,968
3200,539
3201,1709
3202,1831
3203,796
3204,1151
3205,1989
3206,1791
3207,1243
3208,796
3209,1575
3210,1818
3211,917
3212,384
3213,1199
3214,1259
3215,334
3216,1931
3217,424
3218,1265
3219,106
3220,1921
3221,596
3222,1336
3223,1963
3224,74
3225,589
3226,1212
3227,226
3228,688
3229,1477
3230,1452
3231,1804
3232,1424
3233,355
3234,128
3235,1618
3236,1906
3237,1484
3238,1386
3239,1067
3240,524
3241,1555
3242,1028
3243,563
3244,408
3245,985
3246,1493
3247,1607
3248,176
3249,533
3250,999
3251,1620
3252,896
3253,922
3254,1400
3255,1529
3256,1517
3257,1321
3258,1314
3259,546
3260,1814
3261,1770
3262,998
3263,78
3264,608
3265,1767
3266,1457
3267,1734
3268,638
3269,312
3270,611
3271,525
3272,1202
3273,1676
3274,193
3275,1556
3276,595
3277,1201
3278,1407
3279,270
3280,736
3281,1990
3282,1878
3283,294
3284,1800
3285,523
3286,1324
3287,1786
3288,866
3289,806
3290,1198
3291,1578
3292,1399
3293,1533
3294,1646
3295,777
3296,1283
3297,267
3298,1714
3299,144
3300,862
3301,1793
3302,1531
3303,1519
3304,906
3305,673
3306,966
3307,1564
3308,120
3309,1655
3310,143
3311,1738
3312,1292
3313,51
3314,743
3315,380
3316,442
3317,1774
3318,1091
3319,1967
3320,1754
3321,428
3322,758
3323,284
3324,1812
3325,1676
3326,976
3327,1887
3328,1793
3329,1538
3330,1
3331,33
3332,1633
3333,126
3334,1758
3335,1673
3336,633
3337,495
3338,449
3339,700
3340,1035
3341,1160
3342,1172
3343,1731
3344,1982
3345,1001
3346,784
3347,683
3348,128
3349,377
3350,441
3351,120
3352,40
3353,170
3354,1397
3355,1000
3356,1770
3357,1473
3358,1183
3359,424
3360,960
3361,740
3362,1525
3363,1306
3364,776
3365,1616
3366,1325
3367,1412
3368,1707
3369,866
3370,1495
3371,51
3372,1326
3373,581
3374,737
3375,399
3376,1887
3377,671
3378,1433
3379,1164
3380,639
3381,779
3382,655
3383,1843
3384,535
3385,1658
3386,622
3387,1520
3388,1544
3389,34
3390,1866
3391,591
3392,474
3393,333
3394,437
3395,582
3396,1232
3397,370
3398,1994
3399,451
3400,158
3401,1164
3402,764
3403,1486
3404,416
3405,1146
3406,506
3407,511
3408,1570
3409,916
3410,1903
3411,1770
3412,1516
3413,176
3414,207
3415,133
3416,1912
3417,308
3418,535
3419,416
3420,1363
3421,828
3422,1245
3423,1283
3424,1539
3425,1054
3426,200
3427,1268
3428,1013
3429,499
3430,610
3431,1272
3432,1252
3433,394
3434,617
3435,856
3436,496
3437,201
3438,98
3439,744
3440,1411
3441,452
3442,1932
3443,576
3444,1190
3445,598
3446,753
3447,1523
3448,1950
3449,896
3450,156
3451,1374
3452,385
3453,1847
3454,1885
3455,632
3456,1496
3457,1393
3458,435
3459,1015
3460,159
3461,1409
3462,147
3463,1085
3464,1621
3465,511
3466,210
3467,66
3468,763
3469,104
3470,1092
3471,322
3472,1754
3473,626
3474,1556
3475,31
3476,1392
3477,1377
3478,310
3479,1859
3480,1817
3481,358
3482,871
3483,191
3484,137
3485,1965
3486,968
3487,496
3488,1074
3489,909
3490,1497
3491,1502
3492,559
3493,27
3494,936
3495,487
3496,976
3497,587
3498,1083
3499,1804
3500,51
3501,1383
3502,731
3503,1747
3504,41
3505,979
3506,322
3507,334
3508,116
3509,97
3510,1510
3511,185
3512,1527
3513,1878
3514,1808
3515,835
3516,1775
3517,1309
3518,1596
3519,1977
3520,193
3521,1063
3522,1015
3523,296
3524,1623
3525,1193
3526,1142
3527,616
3528,1979
3529,176
3530,746
3531,913
3532,733
3533,1796
3534,650
3535,356
3536,123
3537,1738
3538,1840
3539,1307
3540,1241
3541,1975
3542,1797
3543,430
3544,1057
3545,15
3546,1295
3547,882
3548,1107
3549,633
3550,701
3551,449
3552,1724
3553,1521
3554,216
3555,1298
3556,1517
3557,1328
3558,1266
3559,541
3560,1592
3561,1315
3562,795
3563,685
3564,1233
3565,543
3566,441
3567,737
3568,1349
3569,86
3570,877
3571,1567
3572,575
3573,894
3574,155
3575,864
3576,1231
3577,294
3578,719
3579,140
3580,1081
3581,202
3582,719
3583,332
3584,1334
3585,1398
3586,38
3587,957
3588,827
3589,897
3590,1007
3591,1939
3592,132
3593,381
3594,1622
3595,1022
3596,872
3597,473
3598,797
3599,768
3600,592
3601,1330
3602,585
3603,1199
3604,358
3605,213
3606,1534
3607,134
3608,804
3609,1462
3610,722
3611,1892
3612,612
3613,625
3614,1133
3615,1960
3616,1816
3617,240
3618,721
3619,1015
3620,1874
3621,1781
3622,166
3623,64
3624,640
3625,744
3626,812
3627,687
3628,200
3629,1090
3630,232
3631,704
3632,726
3633,83
3634,1065
3635,188
3636,1998
3637,1465
3638,1007
3639,870
3640,1589
3641,1412
3642,990
3643,1912
3644,519
3645,830
3646,1773
3647,1831
3648,1768
3649,335
3650,1819
3651,508
3652,1022
3653,1843
3654,61
3655,107
3656,174
3657,1382
3658,138
3659,1564
3660,478
3661,1565
3662,590
3663,671
3664,112
3665,1499
3666,229
3667,1930
3668,1178
3669,1828
3670,799
3671,1152
3672,695
3673,1745
3674,517
3675,606
3676,970
3677,1725
3678,1586
3679,1789
3680,1640
3681,1061
3682,1667
3683,309
3684,1724
3685,414
3686,1449
3687,1302
3688,226
3689,1851
3690,439
3691,1123
3692,289
3693,1765
3694,1318
3695,809
3696,509
3697,269
3698,1828
3699,371
3700,987
3701,1415
3702,1940
3703,943
3704,1647
3705,1746
3706,904
3707,1053
3708,1338
3709,1500
3710,1329
3711,1442
3712,196
3713,977
3714,198
3715,869
3716,1972
3717,172
3718,309
3719,458
3720,1424
3721,1662
3722,859
3723,905
3724,1786
3725,1402
3726,324
3727,1195
3728,838
3729,1720
3730,291
3731,719
3732,1809
3733,321
3734,1161
3735,956
3736,1421
3737,1198
3738,822
3739,1175
3740,757
3741,190
3742,635
3743,1342
3744,776
3745,732
3746,232
3747,1672
3748,750
3749,84
3750,880
3751,768
3752,1506
3753,852
3754,964
3755,259
3756,611
3757,967
3758,244
3759,384
3760,1100
3761,507
3762,1227
3763,647
3764,59
3765,1534
3766,929
3767,881
3768,1608
3769,428
3770,528
3771,102
3772,1505
3773,440
3774,280
3775,438
3776,910
3777,271
3778,341
3779,1695
3780,599
3781,1329
3782,1208
3783,22
3784,985
3785,433
3786,908
3787,1640
3788,899
3789,1827
3790,1747
3791,974
3792,309
3793,1484
3794,653
3795,571
3796,1557
3797,1600
3798,886
3799,1390
3800,1125
3801,230
3802,1148
3803,961
3804,1365
3805,3
3806,216
3807,471
3808,1286
3809,1690
3810,1964
3811,700
3812,1245
3813,348
3814,260
3815,462
3816,1846
3817,769
3818,1944
3819,1112
3820,441
3821,691
3822,444
3823,203
3824,1725
3825,522
3826,1094
3827,382
3828,1421
3829,1063
3830,374
3831,1969
3832,71
3833,311
3834,964
3835,1298
3836,11
3837,1521
3838,444
3839,208
3840,847
3841,356
3842,1871
3843,1991
3844,1784
3845,1305
3846,1250
3847,912
3848,1926
3849,617
3850,63
3851,1900
3852,1449
3853,761
3854,1076
3855,36
3856,583
3857,819
3858,1696
3859,915
3860,1408
3861,210
3862,188
3863,1269
3864,1354
3865,503
3866,1730
3867,239
3868,1319
3869,915
3870,235
3871,1358
3872,140
3873,150
3874,1292
3875,561
3876,1132
3877,563
3878,1907
3879,1884
3880,1562
3881,588
3882,102
3883,708
3884,847
3885,1621
3886,836
3887,1358
3888,1294
3889,588
3890,993
3891,9
3892,451
3893,1473
3894,435
3895,1246
3896,685
3897,830
3898,1604
3899,1485
3900,310
3901,61
3902,1030
3903,1810
3904,274
3905,431
3906,1484
3907,1428
3908,1792
3909,279
3910,1725
3911,922
3912,1306
3913,1523
3914,1743
3915,1452
3916,895
3917,224
3918,620
3919,870
3920,3
3921,433
3922,1916
3923,1843
3924,1154
3925,1309
3926,1709
3927,1117
3928,1168
3929,1103
3930,878
3931,1601
3932,1668
3933,1282
3934,159
3935,1401
3936,1782
3937,1709
3938,183
3939,1618
3940,774
3941,626
3942,1009
3943,139
3944,731
3945,1120
3946,614
3947,975
3948,1075
3949,1675
3950,1997
3951,1983
3952,1608
3953,620
3954,1156
3955,184
3956,1171
3957,231
3958,1917
3959,847
3960,1668
3961,1706
3962,1717
3963,1289
3964,1286
3965,138
3966,306
3967,740
3968,1647
3969,1112
3970,859
3971,818
3972,405
3973,557
3974,268
3975,890
3976,587
3977,624
3978,806
3979,1236
3980,1119
3981,1592
3982,846
3983,1536
3984,34
3985,670
3986,1838
3987,1063
3988,329
3989,504
3990,994
3991,703
3992,1224
3993,1267
3994,1791
3995,956
3996,1302
3997,1728
3998,394
3999,1916
4000,1376
4001,1059
4002,471
4003,278
4004,1598
4005,32
4006,1554
4007,790
4008,1497
4009,1474
4010,1120
4011,1107
4012,1151
4013,692
4014,1934
4015,1656
4016,917
4017,416
4018,1549
4019,305
4020,1493
4021,338
4022,1795
4023,1836
4024,1279
4025,841
4026,539
4027,1209
4028,1856
4029,932
4030,1377
4031,1167
4032,205
4033,448
4034,171
4035,240
4036,1946
4037,753
4038,768
4039,541
4040,703
4041,406
4042,1892
4043,1623
4044,925
4045,599
4046,728
4047,129
4048,1094
4049,1110
4050,1570
4051,412
4052,1905
4053,705
4054,334
4055,7
4056,1627
4057,208
4058,1780
4059,596
4060,282
4061,1695
4062,923
4063,229
4064,284
4065,754
4066,380
4067,535
4068,1919
4069,1713
4070,1499
4071,1490
4072,1701
4073,1305
4074,1773
4075,281
4076,1259
4077,417
4078,292
4079,725
4080,261
4081,1600
4082,904
4083,916
4084,578
4085,937
4086,1156
4087,1868
4088,1115
4089,664
4090,1121
4091,925
4092,1764
4093,240
4094,822
4095,1677
4096,1390
4097,1207
4098,1796
4099,908
4100,423
4101,780
4102,1263
4103,228
4104,1686
4105,1351
4106,1332
4107,1875
4108,1729
4109,855
4110,330
4111,409
4112,1533
4113,233
4114,99
4115,1382
4116,482
4117,1092
4118,1136
4119,381
4120,42
4121,1372
4122,988
4123,927
4124,1836
4125,1781
4126,70
4127,1941
4128,1849
4129,539
4130,1590
4131,1571
4132,1450
4133,1746
4134,1913
4135,1674
4136,1936
4137,81
4138,1868
4139,306
4140,1022
4141,1050
4142,1295
4143,910
4144,269
4145,1533
4146,1227
4147,1257
4148,245
4149,921
4150,1133
4151,768
4152,1380
4153,967
4154,1985
4155,1746
4156,477
4157,1287
4158,1634
4159,1625
4160,1479
4161,1047
4162,409
4163,10
4164,1033
4165,1035
4166,907
4167,746
4168,1248
4169,1028
4170,1207
4171,557
4172,1405
4173,585
4174,1676
4175,803
4176,1598
4177,619
4178,15
4179,423
4180,1260
4181,1134
4182,516
4183,805
4184,476
4185,1992
4186,1483
4187,112
4188,1691
4189,1588
4190,95
4191,487
4192,1984
4193,1813
4194,1479
4195,1253
4196,565
4197,87
4198,614
4199,1371
4200,862
4201,997
4202,968
4203,1286
4204,668
4205,1404
4206,1143
4207,1417
4208,643
4209,1108
4210,1433
4211,839
4212,1774
4213,1048
4214,287
4215,1376
4216,1978
4217,1853
4218,1186
4219,313
4220,1470
4221,1396
4222,830
4223,46
4224,1294
4225,312
4226,101
4227,1241
4228,1361
4229,810
4230,1720
4231,1611
4232,1596
4233,18
4234,1556
4235,1954
4236,1077
4237,1874
4238,1561
4239,395
4240,25
4241,1189
4242,1285
4243,586
4244,1615
4245,1446
4246,81
4247,1060
4248,1248
4249,1754
4250,213
4251,1534
4252,1188
4253,567
4254,1754
4255,968
4256,1305
4257,1698
4258,1557
4259,1436
4260,158
4261,1686
4262,419
4263,1489
4264,847
4265,1625
4266,267
4267,777
4268,631
4269,527
4270,1897
4271,688
4272,213
4273,1506
4274,1640
4275,606
4276,1772
4277,1762
4278,134
4279,957
4280,216
4281,1448
4282,1834
4283,903
4284,1518
4285,1488
4286,522
4287,1488
4288,1334
4289,1536
4290,1114
4291,273
4292,1400
4293,1085
4294,1237
4295,1642
4296,1906
4297,1615
4298,658
4299,715
4300,1729
4301,1741
4302,754
4303,745
4304,1735
4305,1816
4306,1562
4307,1545
4308,1574
4309,782
4310,652
4311,1378
4312,103
4313,1428
4314,1752
4315,555
4316,581
4317,377
4318,1776
4319,240
4320,1380
4321,1459
4322,413
4323,431
4324,731
4325,701
4326,1257
4327,376
4328,1427
4329,1438
4330,266
4331,1450
4332,1645
4333,894
4334,896
4335,43
4336,322
4337,236
4338,680
4339,1317
4340,1250
4341,739
4342,978
4343,410
4344,1166
4345,924
4346,811
4347,208
4348,1467
4349,1062
4350,1575
4351,1086
4352,1061
4353,1285
4354,309
4355,1140
4356,1121
4357,331
4358,1924
4359,1243
4360,572
4361,901
4362,1055
4363,1395
4364,1071
4365,272
4366,1161
4367,718
4368,1382
4369,623
4370,1703
4371,733
4372,346
4373,783
4374,428
4375,1188
4376,1352
4377,971
4378,838
4379,831
4380,98
4381,1966
4382,192
4383,661
4384,1016
4385,1735
4386,326
4387,1977
4388,395
4389,869
4390,1121
4391,1866
4392,1427
4393,1962
4394,1753
4395,1576
4396,1025
4397,1768
4398,631
4399,1080
4400,1230
4401,911
4402,620
4403,1096
4404,1986
4405,1843
4406,1053
4407,149
4408,1028
4409,323
4410,359
4411,682
4412,526
4413,1423
4414,1619
4415,457
4416,606
4417,235
4418,1984
4419,1316
4420,1304
4421,398
4422,546
4423,1961
4424,255
4425,1035
4426,1896
4427,419
4428,474
4429,422
4430,1594
4431,1748
4432,60
4433,390
4434,983
4435,1683
4436,1245
4437,1798
4438,1710
4439,1780
4440,134
4441,1745
4442,575
4443,774
4444,1806
4445,1057
4446,1947
4447,266
4448,1975
4449,1517
4450,1504
4451,1226
4452,443
4453,1627
4454,11
4455,731
4456,516
4457,327
4458,548
4459,299
4460,196
4461,751
4462,631
4463,1378
4464,324
4465,884
4466,127
4467,1652
4468,450
4469,1598
4470,499
4471,1030
4472,1351
4473,944
4474,1331
4475,554
4476,714
4477,1461
4478,1140
4479,1883
4480,1402
4481,602
4482,748
4483,1227
4484,790
4485,1990
4486,1271
4487,1784
4488,245
4489,828
4490,1393
4491,415
4492,1467
4493,253
4494,518
4495,325
4496,171
4497,1163
4498,1485
4499,673
4500,1835
4501,1319
4502,700
4503,651
4504,251
4505,1472
4506,1613
4507,1111
4508,307
4509,1017
4510,525
4511,663
4512,1501
4513,707
4514,167
4515,145
4516,1338
4517,1120
4518,997
4519,577
4520,1803
4521,445
4522,653
4523,713
4524,1896
4525,697
4526,1614
4527,1532
4528,369
4529,955
4530,114
4531,705
4532,1932
4533,1144
4534,1026
4535,139
4536,224
4537,1610
4538,743
4539,30
4540,1016
4541,1134
4542,315
4543,76
4544,522
4545,1385
4546,691
4547,633
4548,650
4549,561
4550,406
4551,1469
4552,350
4553,1326
4554,1346
4555,738
4556,1638
4557,918
4558,1467
4559,1367
4560,188
4561,123
4562,1882
4563,159
4564,1301
4565,1357
4566,1271
4567,1485
4568,427
4569,871
4570,1327
4571,871
4572,1698
4573,283
4574,1621
4575,1573
4576,1638
4577,5
4578,547
4579,1330
4580,76
4581,749
4582,1394
4583,1647
4584,1797
4585,347
4586,210
4587,1250
4588,1070
4589,416
4590,533
4591,752
4592,1020
4593,1548
4594,487
4595,76
4596,4
4597,438
4598,1867
4599,841
4600,1550
4601,293
4602,224
4603,1078
4604,1974
4605,1753
4606,1639
4607,489
4608,1186
4609,1182
4610,1736
4611,1829
4612,1920
4613,525
4614,116
4615,1415
4616,773
4617,1010
4618,80
4619,1210
4620,1190
4621,1673
4622,740
4623,1740
4624,1866
4625,861
4626,1724
4627,718
4628,116
4629,1548
4630,881
4631,606
4632,1386
4633,37
4634,1797
4635,1566
4636,1074
4637,1936
4638,1158
4639,1849
4640,1497
4641,1140
4642,1548
4643,516
4644,656
4645,1935
4646,347
4647,1937
4648,1022
4649,639
4650,1759
4651,1040
4652,1852
4653,1351
4654,919
4655,430
4656,504
4657,1866
4658,331
4659,838
4660,1247
4661,769
4662,681
4663,124
4664,32
4665,300
4666,304
4667,531
4668,180
4669,364
4670,1798
4671,164
4672,304
4673,1053
4674,821
4675,84
4676,1193
4677,1794
4678,527
4679,70
4680,1266
4681,1633
4682,1994
4683,1759
4684,1132
4685,1312
4686,1137
4687,346
4688,1853
4689,1217
4690,1543
4691,1136
4692,779
4693,39
4694,439
4695,1336
4696,1645
4697,1280
4698,187
4699,1254
4700,33
4701,1824
4702,1591
4703,1379
4704,1254
4705,480
4706,1731
4707,747
4708,1034
4709,217
4710,1595
4711,577
4712,1896
4713,209
4714,89
4715,1049
4716,1274
4717,538
4718,854
4719,1199
4720,1068
4721,642
4722,1485
4723,1612
4724,160
4725,1017
4726,778
4727,1857
4728,222
4729,1771
4730,123
4731,1173
4732,546
4733,817
4734,1550
4735,1879
4736,1564
4737,15
4738,1057
4739,1487
4740,1127
4741,142
4742,697
4743,1826
4744,1015
4745,375
4746,57
4747,1684
4748,1536
4749,1356
4750,880
4751,1111
4752,1379
4753,950
4754,1487
4755,1409
4756,1270
4757,835
4758,1615
4759,1018
4760,1620
4761,1090
4762,965
4763,1121
4764,1517
4765,678
4766,266
4767,1390
4768,817
4769,578
4770,1639
4771,1763
4772,1183
4773,701
4774,725
4775,497
4776,1575
4777,198
4778,359
4779,496
4780,1510
4781,1160
4782,152
4783,1540
4784,1474
4785,267
4786,901
4787,201
4788,359
4789,1136
4790,1949
4791,507
4792,1176
4793,1083
4794,66
4795,579
4796,280
4797,1304
4798,1565
4799,334
4800,812
4801,558
4802,1476
4803,41
4804,1798
4805,309
4806,1708
4807,1103
4808,1196
4809,1410
4810,1456
4811,2
4812,1106
4813,58
4814,308
4815,1399
4816,153
4817,368
4818,1392
4819,242
4820,680
4821,88
4822,236
4823,189
4824,728
4825,1619
4826,1217
4827,1780
4828,459
4829,831
4830,1269
4831,318
4832,85
4833,214
4834,843
4835,697
4836,1307
4837,1987
4838,632
4839,1688
4840,443
4841,540
4842,622
4843,262
4844,915
4845,1391
4846,355
4847,827
4848,667
4849,1346
4850,980
4851,354
4852,1811
4853,712
4854,313
4855,1161
4856,1594
4857,660
4858,1256
4859,215
4860,128
4861,1150
4862,926
4863,1453
4864,1809
4865,282
4866,173
4867,1163
4868,1384
4869,1428
4870,1140
4871,122
4872,433
4873,1543
4874,183
4875,1487
4876,684
4877,1175
4878,20
4879,652
4880,434
4881,1756
4882,1979
4883,1684
4884,1096
4885,104
4886,131
4887,847
4888,1447
4889,1917
4890,1540
4891,276
4892,431
4893,90
4894,60
4895,334
4896,898
4897,1228
4898,55
4899,878
4900,678
4901,1297
4902,14
4903,277
4904,813
4905,20
4906,45
4907,1814
4908,272
4909,751
4910,896
4911,1992
4912,217
4913,1314
4914,1285
4915,424
4916,595
4917,537
4918,161
4919,1609
4920,1283
4921,225
4922,68
4923,280
4924,1218
4925,306
4926,145
4927,442
4928,1878
4929,1697
4930,481
4931,1431
4932,241
4933,1592
4934,1356
4935,582
4936,370
4937,53
4938,1268
4939,434
4940,1832
4941,664
4942,1244
4943,1872
4944,1094
4945,655
4946,897
4947,324
4948,1608
4949,948
4950,1263
4951,1810
4952,1029
4953,1946
4954,949
4955,1983
4956,1037
4957,1
4958,529
4959,973
4960,81
4961,792
4962,1414
4963,1509
4964,1483
4965,1551
4966,132
4967,1950
4968,1258
4969,1086
4970,427
4971,1148
4972,1646
4973,795
4974,634
4975,716
4976,1128
4977,1795
4978,218
4979,598
4980,356
4981,299
4982,163
4983,1466
4984,1388
4985,1727
4986,1661
4987,1147
4988,76
4989,1556
4990,680
4991,1033
4992,1506
4993,196
4994,186
4995,1253
4996,1687
4997,1810
4998,1139
4999,1610
5000,598
5001,596
5002,638
5003,1567
5004,826
5005,612
5006,1823
5007,1107
5008,494
5009,1679
5010,1339
5011,848
5012,703
5013,1561
5014,323
5015,621
5016,1555
5017,1005
5018,151
5019,194
5020,885
5021,15
5022,672
5023,504
5024,371
5025,1398
5026,1017
5027,570
5028,972
5029,1341
5030,129
5031,637
5032,204
5033,1282
5034,342
5035,1056
5036,1690
5037,1888
5038,997
5039,1809
5040,1512
5041,1373
5042,1097
5043,1282
5044,1571
5045,1236
5046,1590
5047,1478
5048,24
5049,1441
5050,1480
5051,52
5052,235
5053,1545
5054,348
5055,1721
5056,1485
5057,787
5058,1839
5059,232
5060,765
5061,1317
5062,1275
5063,6
5064,1741
5065,1043
5066,1561
5067,499
5068,1079
5069,1790
5070,1251
5071,1264
5072,1469
5073,1811
5074,1425
5075,1562
5076,1374
5077,296
5078,1587
5079,1337
5080,510
5081,477
5082,1944
5083,1731
5084,424
5085,957
5086,229
5087,739
5088,1169
5089,1072
5090,527
5091,596
5092,811
5093,1118
5094,1523
5095,1649
5096,1794
5097,1697
5098,727
5099,1080
5100,165
5101,1636
5102,1906
5103,141
5104,742
5105,1923
5106,1830
5107,53
5108,225
5109,61
5110,678
5111,1736
5112,657
5113,1390
5114,943
5115,47
5116,248
5117,1168
5118,8
5119,1289
5120,1348
5121,1840
5122,176
5123,1512
5124,1060
5125,816
5126,389
5127,918
5128,542
5129,32
5130,576
5131,1995
5132,172
5133,87
5134,751
5135,36
5136,282
5137,1486
5138,920
5139,1093
5140,1133
5141,166
5142,1385
5143,558
5144,1073
5145,1822
5146,1275
5147,705
5148,1851
5149,172
5150,193
5151,630
5152,1379
5153,915
5154,1885
5155,600
5156,399
5157,494
5158,134
5159,683
5160,1761
5161,944
5162,1539
5163,1305
5164,1887
5165,1931
5166,1997
5167,1312
5168,322
5169,718
5170,1834
5171,729
5172,75
5173,627
5174,1703
5175,65
5176,1678
5177,1758
5178,868
5179,1163
5180,1658
5181,223
5182,1673
5183,892
5184,1501
5185,732
5186,1366
5187,1463
5188,107
5189,112
5190,1915
5191,1892
5192,1726
5193,836
5194,1261
5195,837
5196,1798
5197,1796
5198,1627
5199,1878
5200,999
5201,1684
5202,252
5203,1793
5204,1254
5205,1727
5206,708
5207,653
5208,704
5209,661
5210,920
5211,178
5212,1246
5213,1238
5214,381
5215,964
5216,681
5217,1585
5218,108
5219,989
5220,578
5221,531
5222,150
5223,1940
5224,1412
5225,1224
5226,1557
5227,580
5228,1684
5229,644
5230,230
5231,588
5232,729
5233,1659
5234,66
5235,880
5236,1373
5237,315
5238,1467
5239,75
5240,1790
5241,1932
5242,746
5243,1812
5244,1860
5245,310
5246,1472
5247,1429
5248,147
5249,1456
5250,1837
5251,1384
5252,1524
5253,1601
5254,375
5255,1726
5256,1490
5257,169
5258,983
5259,174
5260,218
5261,1468
5262,755
5263,1560
5264,379
5265,1596
5266,1050
5267,1210
5268,1834
5269,1812
5270,1108
5271,794
5272,516
5273,272
5274,56
5275,559
5276,343
5277,401
5278,297
5279,1845
5280,1108
5281,912
5282,1312
5283,167
5284,487
5285,539
5286,1693
5287,845
5288,938
5289,735
5290,1276
5291,775
5292,800
5293,1590
5294,1556
5295,306
5296,15
5297,1003
5298,1604
5299,1642
5300,1861
5301,1051
5302,780
5303,66
5304,569
5305,508
5306,1801
5307,1349
5308,0
5309,1615
5310,1919
5311,1295
5312,369
5313,1934
5314,1802
5315,1076
5316,642
5317,1538
5318,514
5319,1046
5320,1486
5321,1913
5322,132
5323,1392
5324,573
5325,1362
5326,407
5327,336
5328,1468
5329,656
5330,1895
5331,1928
5332,1477
5333,622
5334,372
5335,913
5336,1509
5337,625
5338,1245
5339,569
5340,22
5341,26
5342,1868
5343,1917
5344,413
5345,792
5346,778
5347,974
5348,791
5349,1047
5350,1092
5351,1689
5352,1019
5353,1637
5354,1583
5355,1842
5356,1651
5357,1109
5358,27
5359,1025
5360,1472
5361,1528
5362,61
5363,27
5364,287
5365,581
5366,1174
5367,1915
5368,469
5369,1042
5370,7
5371,254
5372,1751
5373,1661
5374,552
5375,1202
5376,508
5377,71
5378,746
5379,144
5380,1979
5381,1096
5382,1093
5383,1963
5384,1199
5385,281
5386,373
5387,441
5388,1806
5389,607
5390,5
5391,1558
5392,518
5393,29
5394,1536
5395,1955
5396,405
5397,1597
5398,242
5399,8
5400,1573
5401,680
5402,128
5403,1634
5404,177
5405,747
5406,685
5407,1125
5408,627
5409,187
5410,790
5411,829
5412,1756
5413,312
5414,321
5415,1734
5416,42
5417,1449
5418,523
5419,437
5420,1486
5421,1609
5422,1447
5423,1875
5424,211
5425,1692
5426,345
5427,1052
5428,619
5429,42
5430,135
5431,366
5432,1213
5433,1626
5434,860
5435,1550
5436,778
5437,1879
5438,1614
5439,1480
5440,1242
5441,963
5442,1138
5443,1036
5444,266
5445,13
5446,419
5447,1722
5448,1300
5449,1376
5450,191
5451,1104
5452,1472
5453,196
5454,24
5455,139
5456,605
5457,1360
5458,1410
5459,1200
5460,1582
5461,657
5462,581
5463,1668
5464,601
5465,1767
5466,1802
5467,1898
5468,101
5469,1615
5470,83
5471,313
5472,1767
5473,236
5474,664
5475,1703
5476,9
5477,1336
5478,282
5479,963
5480,719
5481,354
5482,168
5483,146
5484,293
5485,1027
5486,576
5487,594
5488,415
5489,263
5490,711
5491,1733
5492,308
5493,115
5494,444
5495,1482
5496,1880
5497,412
5498,1555
5499,1113
5500,1619
5501,1386
5502,750
5503,299
5504,1726
5505,1911
5506,602
5507,1514
5508,1001
5509,490
5510,37
5511,1054
5512,1658
5513,1103
5514,655
5515,68
5516,1243
5517,809
5518,125
5519,600
5520,1341
5521,1799
5522,1438
5523,1654
5524,320
5525,1804
5526,1208
5527,11
5528,87
5529,407
5530,1416
5531,67
5532,1688
5533,1687
5534,1382
5535,1102
5536,700
5537,874
5538,1033
5539,243
5540,1339
5541,1491
5542,1493
5543,1646
5544,473
5545,803
5546,317
5547,843
5548,816
5549,1934
5550,1195
5551,1665
5552,1483
5553,279
5554,1537
5555,899
5556,728
5557,423
5558,1516
5559,1483
5560,427
5561,108
5562,1475
5563,471
5564,1418
5565,1274
5566,200
5567,1542
5568,1506
5569,1687
5570,256
5571,371
5572,1761
5573,905
5574,586
5575,999
5576,928
5577,37
5578,351
5579,754
5580,1590
5581,941
5582,385
5583,499
5584,1162
5585,1489
5586,278
5587,1067
5588,1270
5589,439
5590,794
5591,1991
5592,1060
5593,575
5594,494
5595,816
5596,1857
5597,57
5598,1088
5599,1000
5600,239
5601,1282
5602,1265
5603,1877
5604,265
5605,1600
5606,313
5607,1316
5608,330
5609,1914
5610,1101
5611,507
5612,449
5613,585
5614,28
5615,1344
5616,1272
5617,771
5618,749
5619,680
5620,521
5621,699
5622,1421
5623,19
5624,290
5625,213
5626,1509
5627,1435
5628,1871
5629,932
5630,483
5631,734
5632,1932
5633,981
5634,135
5635,116
5636,1858
5637,1046
5638,808
5639,1112
5640,1482
5641,884
5642,1562
5643,1855
5644,584
5645,322
5646,1502
5647,1545
5648,1695
5649,557
5650,102
5651,1879
5652,338
5653,1140
5654,968
5655,991
5656,1958
5657,1295
5658,1963
5659,1732
5660,1808
5661,1577
5662,1526
5663,295
5664,671
5665,997
5666,942
5667,59
5668,597
5669,1652
5670,789
5671,329
5672,355
5673,1878
5674,1479
5675,1666
5676,534
5677,1378
5678,370
5679,1058
5680,1057
5681,100
5682,1177
5683,1545
5684,1649
5685,41
5686,1488
5687,1606
5688,1642
5689,71
5690,645
5691,1412
5692,1964
5693,1293
5694,951
5695,1841
5696,1877
5697,616
5698,1489
5699,403
5700,125
5701,1620
5702,1522
5703,615
5704,222
5705,1694
5706,1704
5707,257
5708,902
5709,319
5710,1074
5711,1390
5712,1420
5713,980
5714,1433
5715,1849
5716,405
5717,1226
5718,684
5719,1617
5720,878
5721,1436
5722,208
5723,95
5724,776
5725,1395
5726,1817
5727,1620
5728,1043
5729,451
5730,179
5731,1641
5732,335
5733,1426
5734,1338
5735,1853
5736,999
5737,496
5738,187
5739,674
5740,423
5741,612
5742,1198
5743,780
5744,261
5745,598
5746,1672
5747,1527
5748,185
5749,1061
5750,811
5751,835
5752,1922
5753,1641
5754,907
5755,878
5756,1951
5757,652
5758,346
5759,1092
5760,1513
5761,1177
5762,1746
5763,1942
5764,1243
5765,258
5766,972
5767,1172
5768,1388
5769,845
5770,27
5771,812
5772,61
5773,784
5774,230
5775,1058
5776,696
5777,280
5778,1502
5779,1902
5780,658
5781,1164
5782,350
5783,1048
5784,722
5785,722
5786,826
5787,911
5788,1502
5789,372
5790,1161
5791,438
5792,1008
5793,1836
5794,280
5795,602
5796,683
5797,753
5798,1342
5799,815
5800,543
5801,1075
5802,37
5803,1175
5804,884
5805,199
5806,1157
5807,970
5808,170
5809,1846
5810,410
5811,1883
5812,1029
5813,992
5814,440
5815,1768
5816,1472
5817,250
5818,591
5819,657
5820,496
5821,1605
5822,1025
5823,1785
5824,1273
5825,1703
5826,1032
5827,489
5828,853
5829,139
5830,123
5831,1693
5832,581
5833,737
5834,1083
5835,566
5836,925
5837,254
5838,547
5839,824
5840,604
5841,974
5842,1330
5843,525
5844,1431
5845,1281
5846,1143
5847,290
5848,1703
5849,153
5850,1166
5851,726
5852,984
5853,1531
5854,240
5855,145
5856,961
5857,1764
5858,617
5859,1612
5860,570
5861,860
5862,386
5863,1859
5864,1342
5865,1037
5866,178
5867,1106
5868,112
5869,1254
5870,1518
5871,1399
5872,1775
5873,671
5874,790
5875,1569
5876,914
5877,1517
5878,1458
5879,679
5880,496
5881,1223
5882,1399
5883,1774
5884,825
5885,62
5886,1825
5887,671
5888,1558
5889,1829
5890,234
5891,1901
5892,868
5893,212
5894,1715
5895,1676
5896,228
5897,681
5898,125
5899,1127
5900,1185
5901,1266
5902,1998
5903,79
5904,1705
5905,307
5906,1970
5907,1340
5908,104
5909,2
5910,664
5911,1893
5912,255
5913,889
5914,1316
5915,1292
5916,654
5917,133
5918,652
5919,889
5920,1146
5921,410
5922,608
5923,79
5924,1009
5925,232
5926,1706
5927,778
5928,1768
5929,1116
5930,1602
5931,760
5932,825
5933,561
5934,868
5935,1801
5936,1486
5937,1471
5938,1693
5939,29
5940,1118
5941,1988
5942,1584
5943,588
5944,249
5945,1468
5946,461
5947,541
5948,1273
5949,1314
5950,1986
5951,434
5952,189
5953,1469
5954,400
5955,1970
5956,596
5957,818
5958,1376
5959,511
5960,1248
5961,646
5962,1693
5963,1774
5964,1775
5965,1050
5966,1257
5967,108
5968,18
5969,1114
5970,1605
5971,535
5972,1175
5973,1702
5974,610
5975,1265
5976,1186
5977,1315
5978,369
5979,679
5980,344
5981,21
5982,1016
5983,738
5984,1687
5985,86
5986,638
5987,390
5988,1451
5989,220
5990,618
5991,585
5992,1583
5993,1607
5994,1512
5995,1214
5996,849
5997,1441
5998,1051
5999,1033
6000,106
6001,1942
6002,754
6003,1527
6004,1453
6005,708
6006,1052
6007,49
6008,1043
6009,7
6010,704
6011,1323
6012,1092
6013,114
6014,652
6015,1863
6016,531
6017,882
6018,284
6019,500
6020,273
6021,465
6022,1464
6023,581
6024,573
6025,589
6026,1734
6027,266
6028,196
6029,1580
6030,1215
6031,1760
6032,561
6033,1261
6034,1732
6035,1071
6036,1918
6037,339
6038,1156
6039,524
6040,346
6041,1551
6042,1973
6043,396
6044,748
6045,1682
6046,1321
6047,916
6048,180
6049,1677
6050,1375
6051,1290
6052,1693
6053,1142
6054,1565
6055,729
6056,602
6057,172
6058,757
6059,655
6060,600
6061,680
6062,1980
6063,1078
6064,690
6065,1130
6066,79
6067,942
6068,956
6069,610
6070,1669
6071,1226
6072,1705
6073,1802
6074,1959
6075,695
6076,1868
6077,508
6078,767
6079,160
6080,1344
6081,925
6082,685
6083,667
6084,671
6085,1035
6086,251
6087,483
6088,1109
6089,1790
6090,691
6091,897
6092,1259
6093,1179
6094,1692
6095,1234
6096,377
6097,1896
6098,536
6099,470
6100,713
6101,1668
6102,758
6103,628
6104,239
6105,1142
6106,360
6107,67
6108,125
6109,728
6110,781
6111,345
6112,1147
6113,285
6114,479
6115,682
6116,1844
6117,1494
6118,379
6119,1225
6120,1010
6121,503
6122,1658
6123,419
6124,638
6125,440
6126,109
6127,502
6128,426
6129,1018
6130,1984
6131,922
6132,521
6133,1578
6134,392
6135,1308
6136,337
6137,1037
6138,1078
6139,260
6140,749
6141,1985
6142,1174
6143,251
6144,1807
6145,1754
6146,964
6147,1163
6148,633
6149,903
6150,151
6151,1828
6152,675
6153,1038
6154,1773
6155,1499
6156,1123
6157,1749
6158,1877
6159,1941
6160,1645
6161,1215
6162,1243
6163,338
6164,492
6165,801
6166,1717
6167,1134
6168,1066
6169,93
6170,346
6171,127
6172,117
6173,1695
6174,45
6175,254
6176,496
6177,121
6178,469
6179,1385
6180,947
6181,591
6182,1691
6183,700
6184,1433
6185,1102
6186,93
6187,126
6188,713
6189,1399
6190,1078
6191,1060
6192,1109
6193,680
6194,560
6195,409
6196,805
6197,1832
6198,1129
6199,1858
6200,1608
6201,951
6202,13
6203,113
6204,1253
6205,1478
6206,554
6207,888
6208,1243
6209,1368
6210,1557
6211,1599
6212,505
6213,485
6214,273
6215,1006
6216,10
6217,1908
6218,443
6219,1976
6220,1646
6221,1345
6222,95
6223,1426
6224,342
6225,1325
6226,307
6227,53
6228,1591
6229,1257
6230,197
6231,259
6232,178
6233,1818
6234,1429
6235,1717
6236,1631
6237,452
6238,1320
6239,684
6240,68
6241,1197
6242,1918
6243,1587
6244,884
6245,452
6246,1186
6247,1973
6248,110
6249,1849
6250,69
6251,629
6252,1121
6253,1795
6254,1928
6255,1917
6256,1598
6257,1458
6258,1156
6259,1497
6260,1537
6261,1182
6262,416
6263,1008
6264,698
6265,1874
6266,429
6267,766
6268,877
6269,1520
6270,1369
6271,1138
6272,48
6273,380
6274,407
6275,1894
6276,132
6277,1223
6278,482
6279,192
6280,518
6281,589
6282,939
6283,1649
6284,697
6285,1801
6286,1496
6287,1625
6288,1477
6289,1991
6290,164
6291,251
6292,1884
6293,136
6294,636
6295,1738
6296,1110
6297,1990
6298,917
6299,999
6300,695
6301,1425
6302,1877
6303,1654
6304,316
6305,495
6306,264
6307,1854
6308,13
6309,231
6310,1552
6311,439
6312,241
6313,624
6314,1341
6315,1524
6316,1915
6317,1385
6318,635
6319,1508
6320,1805
6321,891
6322,917
6323,348
6324,1266
6325,1530
6326,164
6327,1245
6328,1632
6329,1471
6330,702
6331,1914
6332,1528
6333,1078
6334,136
6335,970
6336,410
6337,1448
6338,1684
6339,1030
6340,1631
6341,578
6342,1209
6343,1365
6344,169
6345,1332
6346,569
6347,605
6348,479
6349,44
6350,1912
6351,1896
6352,648
6353,134
6354,352
6355,1758
6356,1549
6357,354
6358,290
6359,530
6360,314
6361,1343
6362,511
6363,213
6364,1334
6365,1985
6366,230
6367,86
6368,1539
6369,26
6370,1213
6371,599
6372,122
6373,1571
6374,1782
6375,61
6376,225
6377,1345
6378,217
6379,78
6380,535
6381,1734
6382,1519
6383,1507
6384,93
6385,691
6386,360
6387,1462
6388,425
6389,1071
6390,1588
6391,1343
6392,1661
6393,1146
6394,1972
6395,338
6396,485
6397,1533
6398,1999
6399,1088
6400,1671
6401,1985
6402,606
6403,15
6404,319
6405,420
6406,544
6407,744
6408,652
6409,1827
6410,358
6411,1872
6412,1142
6413,1569
6414,1576
6415,106
6416,1059
6417,1284
6418,944
6419,323
6420,1952
6421,1203
6422,455
6423,1605
6424,341
6425,760
6426,1011
6427,858
6428,363
6429,536
6430,1425
6431,1014
6432,240
6433,1544
6434,1719
6435,46
6436,688
6437,73
6438,789
6439,1185
6440,357
6441,29
6442,537
6443,262
6444,4
6445,1905
6446,1883
6447,1671
6448,1231
6449,943
6450,458
6451,1217
6452,1409
6453,1932
6454,1952
6455,374
6456,879
6457,1261
6458,1873
6459,1564
6460,1866
6461,680
6462,748
6463,598
6464,1026
6465,189
6466,312
6467,584
6468,19
6469,208
6470,907
6471,126
6472,1629
6473,943
6474,45
6475,1049
6476,824
6477,194
6478,123
6479,579
6480,1964
6481,319
6482,1845
6483,1222
6484,1201
6485,134
6486,1707
6487,1030
6488,1101
6489,1213
6490,1764
6491,317
6492,1101
6493,1926
6494,123
6495,547
6496,373
6497,618
6498,143
6499,18
6500,1317
6501,1207
6502,175
6503,321
6504,1894
6505,1882
6506,1074
6507,833
6508,1904
6509,334
6510,320
6511,669
6512,119
6513,986
6514,295
6515,570
6516,1138
6517,1806
6518,1388
6519,90
6520,1272
6521,1229
6522,883
6523,588
6524,1127
6525,1657
6526,484
6527,823
6528,1362
6529,1513
6530,1532
6531,1182
6532,1101
6533,1543
6534,750
6535,1955
6536,261
6537,1757
6538,869
6539,1640
6540,633
6541,1513
6542,721
6543,1812
6544,1211
6545,437
6546,1694
6547,1526
6548,956
6549,72
6550,1814
6551,1558
6552,258
6553,1605
6554,1230
6555,29
6556,1783
6557,414
6558,1052
6559,1703
6560,1486
6561,903
6562,157
6563,1281
6564,1456
6565,779
6566,1761
6567,203
6568,1818
6569,1200
6570,1573
6571,313
6572,839
6573,616
6574,1845
6575,1880
6576,506
6577,438
6578,376
6579,1744
6580,898
6581,349
6582,43
6583,1524
6584,174
6585,1042
6586,1919
6587,958
6588,1258
6589,797
6590,191
6591,1664
6592,961
6593,606
6594,668
6595,1851
6596,4
6597,1901
6598,1056
6599,837
6600,1030
6601,1801
6602,1096
6603,1763
6604,54
6605,266
6606,1424
6607,251
6608,200
6609,564
6610,1512
6611,357
6612,1480
6613,908
6614,1050
6615,1892
6616,892
6617,147
6618,1932
6619,1657
6620,105
6621,1363
6622,17
6623,1376
6624,1662
6625,1542
6626,1869
6627,179
6628,1063
6629,1906
6630,862
6631,1261
6632,1266
6633,927
6634,1211
6635,1821
6636,1623
6637,1283
6638,516
6639,476
6640,1654
6641,485
6642,52
6643,1223
6644,1773
6645,415
6646,1796
6647,132
6648,1856
6649,152
6650,365
6651,623
6652,1563
6653,599
6654,1992
6655,1254
6656,752
6657,1847
6658,578
6659,1318
6660,1065
6661,833
6662,1522
6663,104
6664,152
6665,18
6666,1922
6667,54
6668,1202
6669,806
6670,1223
6671,324
6672,1021
6673,1022
6674,409
6675,1276
6676,1911
6677,1600
6678,1243
6679,590
6680,999
6681,1766
6682,494
6683,738
6684,1685
6685,968
6686,0
6687,948
6688,66
6689,990
6690,707
6691,1304
6692,61
6693,141
6694,368
6695,1459
6696,732
6697,767
6698,0
6699,1412
6700,823
6701,1812
6702,100
6703,379
6704,1527
6705,370
6706,17
6707,685
6708,32
6709,1290
6710,732
6711,519
6712,1565
6713,1844
6714,773
6715,574
6716,520
6717,1715
6718,1514
6719,783
6720,1961
6721,443
6722,605
6723,657
6724,1082
6725,517
6726,626
6727,1013
6728,526
6729,82
6730,939
6731,205
6732,1048
6733,192
6734,1936
6735,1489
6736,472
6737,1586
6738,1341
6739,1595
6740,797
6741,1112
6742,615
6743,1390
6744,1230
6745,1308
6746,522
6747,1488
6748,412
6749,1739
6750,570
6751,602
6752,654
6753,606
6754,59
6755,1057
6756,15
6757,1312
6758,1628
6759,479
6760,399
6761,1748
6762,1165
6763,788
6764,376
6765,997
6766,1182
6767,24
6768,1065
6769,544
6770,1635
6771,1973
6772,814
6773,466
6774,1335
6775,1337
6776,1891
6777,1842
6778,1225
6779,910
6780,225
6781,103
6782,1461
6783,1600
6784,445
6785,819
6786,146
6787,517
6788,451
6789,631
6790,566
6791,630
6792,743
6793,832
6794,1470
6795,720
6796,987
6797,880
6798,557
6799,870
6800,1101
6801,558
6802,568
6803,1309
6804,473
6805,4
6806,1913
6807,1937
6808,426
6809,893
6810,50
6811,502
6812,439
6813,1426
6814,1677
6815,577
6816,1528
6817,980
6818,179
6819,93
6820,5
6821,912
6822,1241
6823,829
6824,449
6825,1204
6826,1802
6827,623
6828,3
6829,1753
6830,1958
6831,363
6832,573
6833,1052
6834,939
6835,1824
6836,1418
6837,1747
6838,1269
6839,142
6840,642
6841,1051
6842,1460
6843,681
6844,39
6845,33
6846,282
6847,241
6848,130
6849,1732
6850,187
6851,483
6852,1665
6853,462
6854,99
6855,717
6856,1053
6857,607
6858,1811
6859,242
6860,190
6861,1689
6862,824
6863,827
6864,1526
6865,1305
6866,479
6867,959
6868,85
6869,1627
6870,1531
6871,1831
6872,1565
6873,898
6874,1250
6875,1590
6876,1377
6877,714
6878,577
6879,1972
6880,463
6881,1951
6882,1366
6883,1890
6884,1360
6885,1695
6886,1856
6887,65
6888,985
6889,555
6890,1111
6891,38
6892,426
6893,63
6894,1683
6895,298
6896,1575
6897,851
6898,85
6899,511
6900,1491
6901,1782
6902,918
6903,746
6904,221
6905,1772
6906,1446
6907,244
6908,1963
6909,75
6910,715
6911,301
6912,106
6913,1229
6914,609
6915,1031
6916,14
6917,192
6918,500
6919,114
6920,1774
6921,94
6922,722
6923,1992
6924,524
6925,123
6926,376
6927,1115
6928,567
6929,1317
6930,840
6931,1597
6932,1325
6933,1560
6934,458
6935,473
6936,165
6937,816
6938,1005
6939,1459
6940,723
6941,377
6942,444
6943,5
6944,1238
6945,382
6946,801
6947,979
6948,187
6949,1200
6950,126
6951,915
6952,748
6953,960
6954,1853
6955,743
6956,1964
6957,914
6958,252
6959,884
6960,247
6961,1420
6962,1016
6963,1164
6964,338
6965,421
6966,37
6967,1174
6968,1069
6969,510
6970,113
6971,1456
6972,1290
6973,1999
6974,14
6975,337
6976,1041
6977,738
6978,833
6979,158
6980,1386
6981,1490
6982,959
6983,928
6984,130
6985,1379
6986,857
6987,1311
6988,164
6989,1307
6990,168
6991,85
6992,1808
6993,858
6994,351
6995,1003
6996,138
6997,856
6998,528
6999,474
7000,1590
7001,1284
7002,1655
7003,1786
7004,41
7005,1858
7006,130
7007,833
7008,955
7009,1485
7010,1643
7011,1201
7012,1240
7013,1723
7014,11
7015,516
7016,1500
7017,1638
7018,1299
7019,284
7020,1234
7021,1120
7022,1181
7023,1275
7024,350
7025,384
7026,1490
7027,1709
7028,310
7029,592
7030,542
7031,1299
7032,284
7033,1962
7034,1608
7035,544
7036,944
7037,1842
7038,1856
7039,1376
7040,890
7041,1898
7042,1596
7043,1243
7044,1622
7045,1008
7046,544
7047,1039
7048,671
7049,522
7050,1131
7051,317
7052,1535
7053,1142
7054,741
7055,312
7056,1841
7057,1530
7058,1235
7059,1631
7060,1924
7061,21
7062,120
7063,1106
7064,577
7065,669
7066,953
7067,1973
7068,1860
7069,1611
7070,202
7071,1229
7072,1830
7073,322
7074,1781
7075,215
7076,31
7077,675
7078,1477
7079,1093
7080,618
7081,1091
7082,944
7083,1258
7084,1378
7085,814
7086,1047
7087,1687
7088,365
7089,1253
7090,1342
7091,1170
7092,454
7093,600
7094,1921
7095,1859
7096,494
7097,1261
7098,901
7099,1727
7100,1511
7101,1764
7102,757
7103,1251
7104,558
7105,1498
7106,1743
7107,1375
7108,1076
7109,456
7110,305
7111,1283
7112,906
7113,238
7114,1841
7115,1399
7116,1274
7117,1111
7118,159
7119,1493
7120,1505
7121,523
7122,1768
7123,897
7124,1013
7125,453
7126,1950
7127,152
7128,312
7129,1836
7130,195
7131,78
7132,737
7133,1376
7134,1575
7135,516
7136,1523
7137,1980
7138,36
7139,1144
7140,1785
7141,289
7142,1362
7143,532
7144,1431
7145,1855
7146,1252
7147,784
7148,227
7149,1073
7150,298
7151,1869
7152,733
7153,945
7154,1946
7155,36
7156,655
7157,462
7158,1466
7159,1728
7160,1825
7161,123
7162,865
7163,481
7164,1404
7165,1728
7166,191
7167,479
7168,700
7169,1788
7170,1039
7171,444
7172,893
7173,285
7174,1661
7175,1881
7176,586
7177,1900
7178,69
7179,21
7180,901
7181,62
7182,1017
7183,1660
7184,1043
7185,449
7186,344
7187,421
7188,270
7189,494
7190,32
7191,1404
7192,1960
7193,502
7194,1698
7195,319
7196,586
7197,928
7198,1056
7199,913
7200,1341
7201,1117
7202,335
7203,1047
7204,1866
7205,75
7206,1874
7207,1268
7208,701
7209,1291
7210,479
7211,806
7212,661
7213,251
7214,1229
7215,1052
7216,46
7217,745
7218,1462
7219,245
7220,408
7221,1159
7222,1802
7223,1477
7224,667
7225,392
7226,1072
7227,1685
7228,1942
7229,1266
7230,834
7231,172
7232,1576
7233,146
7234,1049
7235,917
7236,548
7237,205
7238,461
7239,167
7240,1226
7241,670
7242,1461
7243,820
7244,1916
7245,504
7246,1380
7247,298
7248,1290
7249,1654
7250,1938
7251,1209
7252,168
7253,1784
7254,1442
7255,222
7256,1489
7257,1112
7258,1059
7259,237
7260,1449
7261,1943
7262,134
7263,659
7264,426
7265,1580
7266,884
7267,44
7268,1831
7269,1094
7270,1933
7271,994
7272,815
7273,684
7274,1775
7275,497
7276,1143
7277,505
7278,1451
7279,1109
7280,1191
7281,299
7282,495
7283,1114
7284,489
7285,1436
7286,126
7287,92
7288,1293
7289,1588
7290,967
7291,228
7292,304
7293,92
7294,1692
7295,1408
7296,809
7297,466
7298,927
7299,153
7300,1486
7301,227
7302,677
7303,721
7304,574
7305,1363
7306,1521
7307,1901
7308,1934
7309,1510
7310,490
7311,98
7312,818
7313,1917
7314,899
7315,149
7316,1180
7317,1724
7318,1551
7319,984
7320,1041
7321,1595
7322,744
7323,1630
7324,617
7325,1274
7326,405
7327,972
7328,1068
7329,1971
7330,1465
7331,1152
7332,233
7333,1324
7334,1808
7335,529
7336,1651
7337,601
7338,96
7339,1770
7340,654
7341,461
7342,1182
7343,1409
7344,1583
7345,108
7346,377
7347,632
7348,1787
7349,33
7350,1760
7351,367
7352,262
7353,932
7354,1394
7355,688
7356,828
7357,1921
7358,1523
7359,627
7360,1265
7361,952
7362,18
7363,1756
7364,798
7365,1958
7366,1756
7367,822
7368,482
7369,276
7370,521
7371,815
7372,1163
7373,1161
7374,135
7375,1781
7376,1263
7377,34
7378,911
7379,1813
7380,123
7381,1531
7382,1562
7383,39
7384,1478
7385,1249
7386,307
7387,293
7388,493
7389,826
7390,72
7391,484
7392,213
7393,359
7394,311
7395,380
7396,1524
7397,1040
7398,273
7399,385
7400,1712
7401,218
7402,287
7403,499
7404,1119
7405,1262
7406,1457
7407,483
7408,733
7409,1092
7410,71
7411,1904
7412,558
7413,1610
7414,1718
7415,595
7416,1939
7417,1297
7418,1094
7419,1241
7420,495
7421,1717
7422,946
7423,857
7424,465
7425,1569
7426,1756
7427,830
7428,806
7429,1828
7430,271
7431,843
7432,1728
7433,1843
7434,1963
7435,1148
7436,1835
7437,204
7438,1426
7439,1196
7440,1296
7441,1936
7442,775
7443,1139
7444,1647
7445,1409
7446,1945
7447,396
7448,151
7449,98
7450,607
7451,1438
7452,1533
7453,1047
7454,654
7455,1393
7456,531
7457,1534
7458,204
7459,764
7460,1956
7461,61
7462,553
7463,645
7464,88
7465,172
7466,678
7467,1641
7468,988
7469,551
7470,1248
7471,465
7472,1191
7473,1737
7474,1397
7475,722
7476,136
7477,806
7478,1212
7479,1644
7480,1894
7481,155
7482,496
7483,828
7484,676
7485,475
7486,1009
7487,929
7488,218
7489,20
7490,683
7491,107
7492,1869
7493,307
7494,436
7495,416
7496,1366
7497,1368
7498,1255
7499,187
7500,429
7501,15
7502,1825
7503,1917
7504,630
7505,1347
7506,308
7507,1588
7508,1690
7509,1804
7510,134
7511,410
7512,578
7513,1335
7514,269
7515,806
7516,322
7517,686
7518,1000
7519,192
7520,988
7521,1286
7522,372
7523,1010
7524,1593
7525,1777
7526,1975
7527,1860
7528,175
7529,165
7530,850
7531,412
7532,1655
7533,754
7534,1257
7535,460
7536,1534
7537,356
7538,905
7539,1814
7540,1463
7541,227
7542,940
7543,1099
7544,1402
7545,1925
7546,1929
7547,1858
7548,1115
7549,1451
7550,1800
7551,1637
7552,250
7553,317
7554,651
7555,482
7556,1020
7557,162
7558,101
7559,372
7560,1313
7561,1468
7562,473
7563,613
7564,94
7565,433
7566,1351
7567,1926
7568,312
7569,1973
7570,745
7571,950
7572,172
7573,1170
7574,353
7575,317
7576,908
7577,802
7578,808
7579,718
7580,355
7581,141
7582,1466
7583,1101
7584,1722
7585,1957
7586,1714
7587,1604
7588,136
7589,1903
7590,1313
7591,68
7592,1184
7593,180
7594,1832
7595,1262
7596,1201
7597,1674
7598,633
7599,619
7600,1046
7601,1553
7602,27
7603,1833
7604,275
7605,1494
7606,1479
7607,1450
7608,1123
7609,764
7610,1301
7611,1939
7612,1487
7613,1008
7614,1970
7615,1065
7616,588
7617,495
7618,215
7619,1982
7620,1212
7621,1137
7622,322
7623,557
7624,894
7625,1069
7626,500
7627,1095
7628,909
7629,1534
7630,1611
7631,1699
7632,1475
7633,1915
7634,243
7635,319
7636,775
7637,1442
7638,1054
7639,614
7640,388
7641,1828
7642,80
7643,1856
7644,874
7645,1162
7646,1091
7647,939
7648,1374
7649,798
7650,730
7651,1228
7652,482
7653,392
7654,657
7655,1532
7656,279
7657,756
7658,1734
7659,634
7660,1825
7661,1302
7662,1683
7663,118
7664,1581
7665,269
7666,1747
7667,444
7668,917
7669,611
7670,1823
7671,1388
7672,1570
7673,1232
7674,337
7675,1126
7676,1101
7677,1525
7678,443
7679,1586
7680,908
7681,271
7682,67
7683,1505
7684,334
7685,128
7686,1792
7687,1881
7688,681
7689,1167
7690,563
7691,34
7692,686
7693,370
7694,427
7695,1105
7696,1673
7697,331
7698,185
7699,277
7700,1540
7701,643
7702,721
7703,109
7704,21
7705,837
7706,877
7707,371
7708,1197
7709,134
7710,1159
7711,393
7712,1939
7713,1067
7714,277
7715,21
7716,1832
7717,834
7718,34
7719,657
7720,21
7721,1605
7722,1416
7723,1267
7724,703
7725,1317
7726,1849
7727,1888
7728,1013
7729,1052
7730,1656
7731,387
7732,969
7733,223
7734,1747
7735,1986
7736,1247
7737,281
7738,1138
7739,1967
7740,837
7741,1819
7742,1235
7743,707
7744,987
7745,809
7746,785
7747,1160
7748,355
7749,507
7750,1648
7751,1668
7752,1125
7753,213
7754,1676
7755,1966
7756,300
7757,1377
7758,392
7759,985
7760,841
7761,764
7762,650
7763,359
7764,721
7765,1588
7766,732
7767,1685
7768,1815
7769,1374
7770,1222
7771,804
7772,1178
7773,73
7774,1118
7775,1298
7776,1520
7777,1696
7778,1925
7779,108
7780,1147
7781,280
7782,1603
7783,324
7784,90
7785,532
7786,1482
7787,635
7788,262
7789,1626
7790,114
7791,310
7792,1731
7793,825
7794,108
7795,471
7796,1129
7797,60
7798,372
7799,1461
7800,924
7801,267
7802,1476
7803,1680
7804,612
7805,763
7806,779
7807,687
7808,1382
7809,1260
7810,759
7811,83
7812,969
7813,1227
7814,1277
7815,63
7816,253
7817,1660
7818,978
7819,383
7820,124
7821,531
7822,447
7823,258
7824,235
7825,1411
7826,1861
7827,427
7828,425
7829,1587
7830,1968
7831,562
7832,110
7833,1158
7834,189
7835,39
7836,109
7837,980
7838,632
7839,730
7840,1378
7841,0
7842,900
7843,1337
7844,913
7845,1465
7846,1186
7847,1577
7848,1
7849,1186
7850,822
7851,942
7852,31
7853,228
7854,906
7855,470
7856,101
7857,1194
7858,815
7859,588
7860,714
7861,135
7862,1123
7863,777
7864,478
7865,932
7866,4
7867,1710
7868,1315
7869,1023
7870,1321
7871,355
7872,1205
7873,980
7874,1
7875,578
7876,1761
7877,248
7878,996
7879,1151
7880,1519
7881,552
7882,249
7883,1665
7884,105
7885,1425
7886,146
7887,480
7888,88
7889,1940
7890,1981
7891,148
7892,862
7893,1058
7894,1935
7895,1262
7896,1868
7897,1234
7898,559
7899,836
7900,1855
7901,816
7902,1703
7903,748
7904,1832
7905,814
7906,1855
7907,28
7908,157
7909,763
7910,206
7911,347
7912,969
7913,1470
7914,1944
7915,1652
7916,375
7917,496
7918,87
7919,1170
7920,80
7921,1303
7922,203
7923,966
7924,1922
7925,473
7926,1794
7927,1396
7928,796
7929,107
7930,1940
7931,944
7932,506
7933,988
7934,1753
7935,842
7936,537
7937,745
7938,1878
7939,968
7940,149
7941,923
7942,703
7943,747
7944,686
7945,613
7946,851
7947,1537
7948,465
7949,990
7950,1351
7951,1742
7952,100
7953,539
7954,5
7955,1790
7956,1603
7957,1986
7958,1201
7959,1066
7960,1624
7961,559
7962,744
7963,1002
7964,1502
7965,1736
7966,712
7967,1416
7968,1763
7969,981
7970,1008
7971,1741
7972,1623
7973,1480
7974,145
7975,1272
7976,1548
7977,1121
7978,554
7979,1182
7980,1512
7981,215
7982,1876
7983,1985
7984,1549
7985,712
7986,68
7987,524
7988,269
7989,1160
7990,745
7991,538
7992,1591
7993,555
7994,1439
7995,1305
7996,1576
7997,13
7998,1177
7999,1030
8000,227
8001,1217
8002,979
8003,1399
8004,118
8005,694
8006,926
8007,1492
8008,1628
8009,947
8010,76
8011,280
8012,1235
8013,1673
8014,588
8015,1378
8016,1304
8017,668
8018,563
8019,496
8020,1236
8021,1004
8022,262
8023,84
8024,1360
8025,1603
8026,624
8027,1991
8028,273
8029,606
8030,808
8031,830
8032,232
8033,1561
8034,590
8035,1447
8036,1927
8037,191
8038,1703
8039,257
8040,1742
8041,151
8042,1797
8043,1986
8044,1782
8045,193
8046,252
8047,1271
8048,622
8049,833
8050,700
8051,240
8052,1629
8053,1430
8054,1664
8055,1743
8056,102
8057,1542
8058,3
8059,1289
8060,251
8061,471
8062,498
8063,1259
8064,1651
8065,1798
8066,1504
8067,1797
8068,1789
8069,783
8070,918
8071,1365
8072,914
8073,1593
8074,617
8075,596
8076,386
8077,903
8078,1994
8079,1243
8080,924
8081,1246
8082,336
8083,163
8084,1300
8085,993
8086,785
8087,1553
8088,75
8089,1647
8090,1985
8091,1812
8092,675
8093,1107
8094,97
8095,1611
8096,370
8097,1312
8098,1074
8099,451
8100,625
8101,1102
8102,766
8103,1215
8104,781
8105,945
8106,904
8107,1759
8108,216
8109,1079
8110,1034
8111,478
8112,568
8113,104
8114,1616
8115,854
8116,631
8117,6
8118,641
8119,1217
8120,1977
8121,1920
8122,36
8123,650
8124,653
8125,1616
8126,1767
8127,1286
8128,1448
8129,1806
8130,739
8131,93
8132,1209
8133,46
8134,1150
8135,515
8136,352
8137,1782
8138,711
8139,229
8140,320
8141,1395
8142,77
8143,518
8144,1871
8145,745
8146,808
8147,1833
8148,1441
8149,816
8150,420
8151,11
8152,291
8153,863
8154,1104
8155,926
8156,885
8157,644
8158,1295
8159,1631
8160,712
8161,1251
8162,325
8163,1297
8164,171
8165,347
8166,1394
8167,1911
8168,112
8169,1504
8170,1765
8171,1131
8172,1022
8173,1930
8174,1057
8175,600
8176,978
8177,579
8178,599
8179,1282
8180,1849
8181,1720
8182,1664
8183,790
8184,366
8185,1691
8186,68
8187,1835
8188,1223
8189,792
8190,506
8191,284
8192,374
8193,961
8194,801
8195,1248
8196,1225
8197,1045
8198,1524
8199,321
8200,1282
8201,1451
8202,1879
8203,1192
8204,521
8205,1413
8206,1457
8207,1999
8208,340
8209,378
8210,1412
8211,1602
8212,526
8213,512
8214,329
8215,1374
8216,1060
8217,1589
8218,394
8219,292
8220,1272
8221,1685
8222,1974
8223,555
8224,1494
8225,1231
8226,402
8227,306
8228,203
8229,1385
8230,1716
8231,1195
8232,1523
8233,700
8234,1069
8235,750
8236,827
8237,1787
8238,1426
8239,1492
8240,1345
8241,820
8242,670
8243,351
8244,585
8245,408
8246,725
8247,1586
8248,948
8249,1493
8250,1724
8251,930
8252,594
8253,138
8254,539
8255,802
8256,132
8257,1877
8258,337
8259,1856
8260,189
8261,1199
8262,1175
8263,1706
8264,852
8265,493
8266,1184
8267,520
8268,1034
8269,1537
8270,1425
8271,673
8272,1034
8273,1473
8274,939
8275,344
8276,146
8277,419
8278,1677
8279,684
8280,1203
8281,1185
8282,1886
8283,1665
8284,843
8285,398
8286,783
8287,1994
8288,794
8289,1958
8290,652
8291,588
8292,24
8293,1659
8294,1293
8295,554
8296,467
8297,922
8298,926
8299,646
8300,1551
8301,1539
8302,349
8303,1370
8304,1526
8305,880
8306,1872
8307,276
8308,182
8309,522
8310,1443
8311,561
8312,19
8313,490
8314,1918
8315,1197
8316,1823
8317,211
8318,881
8319,936
8320,1272
8321,372
8322,1061
8323,123
8324,1572
8325,1174
8326,1229
8327,38
8328,1333
8329,1649
8330,1178
8331,1481
8332,1555
8333,853
8334,287
8335,630
8336,997
8337,1063
8338,1981
8339,1525
8340,776
8341,657
8342,1767
8343,1264
8344,1157
8345,727
8346,1744
8347,235
8348,1391
8349,1209
8350,1840
8351,204
8352,1603
8353,133
8354,863
8355,1256
8356,1365
8357,1383
8358,372
8359,1200
8360,738
8361,689
8362,531
8363,1932
8364,248
8365,1771
8366,962
8367,948
8368,1888
8369,1850
8370,1076
8371,270
8372,849
8373,1441
8374,1772
8375,1745
8376,163
8377,697
8378,225
8379,420
8380,1448
8381,411
8382,1275
8383,1566
8384,1122
8385,849
8386,227
8387,84
8388,607
8389,1297
8390,282
8391,31
8392,807
8393,1259
8394,1255
8395,163
8396,1478
8397,130
8398,1247
8399,370
8400,905
8401,1957
8402,1038
8403,1886
8404,1671
8405,789
8406,1651
8407,331
8408,361
8409,1660
8410,1522
8411,830
8412,1277
8413,1583
8414,1779
8415,447
8416,116
8417,426
8418,155
8419,1180
8420,618
8421,493
8422,824
8423,9
8424,1562
8425,296
8426,12
8427,1586
8428,1770
8429,551
8430,631
8431,1564
8432,629
8433,1173
8434,1246
8435,22
8436,1511
8437,717
8438,374
8439,917
8440,359
8441,1735
8442,227
8443,877
8444,699
8445,1513
8446,1255
8447,1151
8448,315
8449,894
8450,248
8451,1089
8452,367
8453,592
8454,1586
8455,1814
8456,1749
8457,189
8458,1776
8459,446
8460,98
8461,347
8462,1225
8463,1068
8464,347
8465,1060
8466,1635
8467,1898
8468,1712
8469,1473
8470,763
8471,1896
8472,1174
8473,907
8474,852
8475,227
8476,1764
8477,1818
8478,1171
8479,1583
8480,695
8481,1685
8482,1185
8483,479
8484,323
8485,987
8486,533
8487,1241
8488,349
8489,1716
8490,1881
8491,122
8492,1354
8493,1432
8494,1114
8495,1545
8496,241
8497,395
8498,1733
8499,1792
8500,812
8501,778
8502,214
8503,39
8504,1242
8505,1540
8506,1208
8507,1418
8508,1406
8509,1841
8510,968
8511,355
8512,859
8513,1494
8514,1100
8515,1926
8516,1147
8517,1702
8518,1187
8519,1351
8520,1130
8521,564
8522,1902
8523,235
8524,1814
8525,284
8526,663
8527,1547
8528,192
8529,925
8530,1577
8531,383
8532,422
8533,159
8534,697
8535,927
8536,843
8537,56
8538,844
8539,763
8540,29
8541,1612
8542,1711
8543,1152
8544,1318
8545,177
8546,432
8547,1399
8548,1790
8549,23
8550,1467
8551,1691
8552,1939
8553,732
8554,1565
8555,658
8556,423
8557,1363
8558,1334
8559,1445
8560,49
8561,31
8562,1942
8563,883
8564,1935
8565,958
8566,1477
8567,597
8568,615
8569,1449
8570,964
8571,435
8572,988
8573,183
8574,7
8575,1282
8576,1408
8577,339
8578,689
8579,434
8580,1986
8581,837
8582,1256
8583,1099
8584,1570
8585,486
8586,376
8587,1703
8588,78
8589,1696
8590,1562
8591,343
8592,1138
8593,966
8594,1049
8595,149
8596,399
8597,1935
8598,342
8599,1293
8600,1288
8601,1374
8602,1862
8603,556
8604,980
8605,1671
8606,697
8607,1838
8608,631
8609,1748
8610,1229
8611,635
8612,1988
8613,56
8614,1478
8615,738
8616,93
8617,1866
8618,101
8619,1931
8620,1825
8621,1782
8622,463
8623,213
8624,780
8625,1772
8626,1351
8627,48
8628,1128
8629,28
8630,1714
8631,1985
8632,839
8633,1008
8634,1478
8635,1240
8636,1897
8637,554
8638,1370
8639,1716
8640,841
8641,921
8642,474
8643,1109
8644,1709
8645,1427
8646,1316
8647,1500
8648,204
8649,714
8650,375
8651,820
8652,1963
8653,363
8654,384
8655,960
8656,25
8657,623
8658,1367
8659,188
8660,359
8661,172
8662,750
8663,1392
8664,1101
8665,1209
8666,1938
8667,1693
8668,190
8669,1930
8670,921
8671,911
8672,1053
8673,1676
8674,64
8675,230
8676,22
8677,1344
8678,41
8679,1860
8680,991
8681,533
8682,1785
8683,734
8684,1523
8685,1841
8686,980
8687,1865
8688,1824
8689,126
8690,1751
8691,1135
8692,1013
8693,1993
8694,1359
8695,1998
8696,1898
8697,69
8698,1650
8699,1626
8700,236
8701,146
8702,1085
8703,55
8704,235
8705,717
8706,1414
8707,1859
8708,699
8709,1151
8710,904
8711,1315
8712,1311
8713,1848
8714,1336
8715,1170
8716,1066
8717,1343
8718,652
8719,1161
8720,659
8721,261
8722,1455
8723,63
8724,462
8725,497
8726,8
8727,1558
8728,310
8729,923
8730,235
8731,241
8732,988
8733,1681
8734,145
8735,6
8736,721
8737,1842
8738,1893
8739,531
8740,969
8741,628
8742,937
8743,1138
8744,1980
8745,958
8746,1427
8747,546
8748,1773
8749,419
8750,13
8751,75
8752,176
8753,1007
8754,1231
8755,1081
8756,284
8757,1679
8758,1178
8759,1760
8760,1098
8761,1701
8762,1688
8763,1463
8764,455
8765,1371
8766,103
8767,1730
8768,261
8769,896
8770,156
8771,11
8772,895
8773,767
8774,947
8775,1606
8776,1705
8777,166
8778,685
8779,564
8780,521
8781,774
8782,324
8783,1361
8784,1957
8785,870
8786,892
8787,1962
8788,153
8789,1873
8790,357
8791,1352
8792,1291
8793,1428
8794,1882
8795,1867
8796,1789
8797,241
8798,882
8799,1549
8800,1688
8801,570
8802,1725
8803,1178
8804,994
8805,1155
8806,1364
8807,339
8808,1308
8809,615
8810,547
8811,1392
8812,176
8813,1771
8814,447
8815,1684
8816,1784
8817,1034
8818,1168
8819,990
8820,668
8821,148
8822,1860
8823,1819
8824,1027
8825,677
8826,503
8827,1802
8828,675
8829,1141
8830,482
8831,388
8832,852
8833,1821
8834,1265
8835,1444
8836,1382
8837,1721
8838,583
8839,913
8840,1033
8841,1703
8842,1136
8843,1648
8844,163
8845,1349
8846,914
8847,864
8848,1866
8849,1163
8850,1709
8851,1936
8852,1678
8853,1708
8854,1609
8855,1173
8856,1320
8857,911
8858,742
8859,1469
8860,931
8861,28
8862,818
8863,1581
8864,596
8865,107
8866,619
8867,195
8868,873
8869,444
8870,208
8871,502
8872,731
8873,841
8874,690
8875,249
8876,821
8877,1372
8878,120
8879,1240
8880,565
8881,1505
8882,476
8883,908
8884,1575
8885,1463
8886,21
8887,822
8888,120
8889,118
8890,664
8891,1872
8892,422
8893,488
8894,1200
8895,1573
8896,698
8897,1509
8898,1689
8899,1889
8900,1768
8901,189
8902,1897
8903,1213
8904,876
8905,1866
8906,140
8907,931
8908,1476
8909,74
8910,258
8911,428
8912,290
8913,909
8914,755
8915,1918
8916,720
8917,1438
8918,1523
8919,694
8920,1028
8921,849
8922,434
8923,1765
8924,884
8925,1288
8926,1403
8927,1432
8928,1235
8929,1978
8930,456
8931,97
8932,935
8933,245
8934,360
8935,1945
8936,1911
8937,1210
8938,157
8939,1084
8940,1158
8941,747
8942,1295
8943,1929
8944,755
8945,1194
8946,1289
8947,1557
8948,1167
8949,1784
8950,1590
8951,1884
8952,1905
8953,948
8954,413
8955,635
8956,769
8957,41
8958,1313
8959,925
8960,1869
8961,797
8962,424
8963,271
8964,117
8965,855
8966,1474
8967,522
8968,1366
8969,504
8970,164
8971,161
8972,1241
8973,240
8974,506
8975,1416
8976,294
8977,386
8978,119
8979,1665
8980,376
8981,590
8982,1986
8983,997
8984,993
8985,1726
8986,1606
8987,1801
8988,866
8989,1782
8990,1664
8991,780
8992,279
8993,474
8994,1568
8995,537
8996,1410
8997,1019
8998,649
8999,272
9000,902
9001,353
9002,749
9003,1952
9004,453
9005,1373
9006,1944
9007,1218
9008,1476
9009,882
9010,441
9011,1609
9012,1765
9013,1619
9014,1385
9015,122
9016,489
9017,1013
9018,1507
9019,101
9020,584
9021,1981
9022,416
9023,187
9024,304
9025,1168
9026,1814
9027,65
9028,485
9029,1549
9030,213
9031,1642
9032,366
9033,1190
9034,1991
9035,329
9036,949
9037,1000
9038,751
9039,164
9040,1949
9041,704
9042,1584
9043,1278
9044,1866
9045,957
9046,1788
9047,1747
9048,750
9049,1953
9050,470
9051,574
9052,188
9053,918
9054,47
9055,1574
9056,1413
9057,628
9058,765
9059,551
9060,846
9061,1757
9062,1603
9063,1913
9064,1669
9065,530
9066,410
9067,1769
9068,1487
9069,1681
9070,1420
9071,592
9072,1567
9073,873
9074,149
9075,1974
9076,1507
9077,795
9078,1385
9079,670
9080,615
9081,1086
9082,1716
9083,1444
9084,316
9085,1352
9086,1884
9087,900
9088,939
9089,612
9090,1816
9091,694
9092,777
9093,915
9094,62
9095,504
9096,1450
9097,3
9098,1179
9099,1534
9100,522
9101,415
9102,1831
9103,1149
9104,1743
9105,1932
9106,1520
9107,764
9108,756
9109,1629
9110,375
9111,1778
9112,1955
9113,1311
9114,1319
9115,907
9116,1894
9117,1880
9118,696
9119,681
9120,1349
9121,963
9122,1506
9123,30
9124,471
9125,1865
9126,409
9127,1409
9128,1067
9129,326
9130,654
9131,1183
9132,918
9133,959
9134,1335
9135,85
9136,404
9137,938
9138,1165
9139,1345
9140,1222
9141,7
9142,1082
9143,493
9144,1326
9145,527
9146,1686
9147,1088
9148,1647
9149,1849
9150,548
9151,1913
9152,1339
9153,1661
9154,1432
9155,1872
9156,434
9157,978
9158,1172
9159,901
9160,770
9161,251
9162,955
9163,1457
9164,303
9165,1193
9166,851
9167,1521
9168,207
9169,755
9170,589
9171,1492
9172,1099
9173,976
9174,859
9175,820
9176,1331
9177,1659
9178,1390
9179,77
9180,1525
9181,928
9182,533
9183,1629
9184,520
9185,1013
9186,1163
9187,1167
9188,1264
9189,965
9190,1697
9191,247
9192,159
9193,1130
9194,1111
9195,1961
9196,736
9197,1280
9198,787
9199,367
9200,1722
9201,469
9202,630
9203,1749
9204,1613
9205,268
9206,1351
9207,1297
9208,835
9209,1091
9210,1921
9211,1451
9212,498
9213,1850
9214,64
9215,1911
9216,414
9217,307
9218,658
9219,1052
9220,1133
9221,739
9222,1482
9223,1338
9224,564
9225,294
9226,812
9227,1887
9228,198
9229,597
9230,1402
9231,1893
9232,910
9233,659
9234,1162
9235,1320
9236,1523
9237,1091
9238,303
9239,1878
9240,316
9241,582
9242,1276
9243,1537
9244,1903
9245,1270
9246,1417
9247,226
9248,730
9249,1367
9250,1842
9251,1914
9252,497
9253,1988
9254,401
9255,278
9256,1963
9257,868
9258,404
9259,1557
9260,829
9261,1354
9262,1469
9263,1427
9264,1789
9265,151
9266,937
9267,678
9268,218
9269,1856
9270,256
9271,1702
9272,645
9273,430
9274,579
9275,1003
9276,612
9277,753
9278,818
9279,820
9280,1767
9281,672
9282,1995
9283,595
9284,285
9285,744
9286,1031
9287,1386
9288,1695
9289,1544
9290,963
9291,811
9292,227
9293,1798
9294,1504
9295,255
9296,32
9297,1625
9298,1574
9299,183
9300,592
9301,411
9302,1895
9303,95
9304,373
9305,1378
9306,778
9307,372
9308,686
9309,59
9310,870
9311,1954
9312,1587
9313,467
9314,881
9315,1783
9316,45
9317,1870
9318,671
9319,25
9320,398
9321,1534
9322,865
9323,706
9324,1156
9325,727
9326,15
9327,1191
9328,1515
9329,1152
9330,851
9331,749
9332,915
9333,259
9334,173
9335,1309
9336,876
9337,1703
9338,1924
9339,477
9340,132
9341,1778
9342,1738
9343,1812
9344,1482
9345,1372
9346,1420
9347,1401
9348,475
9349,790
9350,1509
9351,1605
9352,1068
9353,1063
9354,545
9355,485
9356,198
9357,1375
9358,1255
9359,195
9360,1744
9361,1405
9362,732
9363,1473
9364,1275
9365,758
9366,535
9367,1419
9368,1412
9369,590
9370,521
9371,1756
9372,364
9373,85
9374,577
9375,184
9376,793
9377,1988
9378,1014
9379,1810
9380,21
9381,1665
9382,1112
9383,1928
9384,1708
9385,526
9386,780
9387,490
9388,664
9389,1056
9390,1108
9391,223
9392,1092
9393,1433
9394,18
9395,1720
9396,1011
9397,225
9398,802
9399,854
9400,1670
9401,217
9402,777
9403,47
9404,1069
9405,1110
9406,238
9407,1781
9408,1984
9409,1640
9410,1052
9411,1023
9412,142
9413,1305
9414,1539
9415,1881
9416,1308
9417,1267
9418,701
9419,475
9420,358
9421,254
9422,510
9423,1717
9424,1413
9425,482
9426,1792
9427,1926
9428,763
9429,1884
9430,1158
9431,123
9432,1152
9433,1177
9434,1698
9435,777
9436,113
9437,3
9438,757
9439,626
9440,467
9441,646
9442,176
9443,1165
9444,1687
9445,501
9446,1786
9447,967
9448,170
9449,1111
9450,453
9451,688
9452,1139
9453,1192
9454,428
9455,527
9456,1438
9457,1234
9458,1785
9459,1543
9460,1002
9461,60
9462,1718
9463,1489
9464,732
9465,19
9466,1889
9467,381
9468,871
9469,1655
9470,1800
9471,700
9472,305
9473,1199
9474,819
9475,1074
9476,599
9477,1473
9478,910
9479,612
9480,1906
9481,216
9482,51
9483,562
9484,884
9485,617
9486,157
9487,73
9488,1676
9489,1453
9490,146
9491,1448
9492,1947
9493,355
9494,561
9495,1835
9496,120
9497,904
9498,197
9499,1514
9500,1177
9501,1302
9502,1925
9503,1344
9504,1406
9505,352
9506,984
9507,1104
9508,1150
9509,157
9510,835
9511,549
9512,1174
9513,495
9514,1848
9515,1806
9516,1244
9517,848
9518,1742
9519,737
9520,913
9521,1852
9522,774
9523,1124
9524,1817
9525,1870
9526,1235
9527,215
9528,508
9529,1762
9530,928
9531,763
9532,669
9533,993
9534,996
9535,1617
9536,1328
9537,1925
9538,1980
9539,958
9540,899
9541,1700
9542,1227
9543,1988
9544,1752
9545,1568
9546,446
9547,1510
9548,461
9549,1751
9550,1747
9551,1975
9552,1237
9553,352
9554,973
9555,1688
9556,719
9557,256
9558,734
9559,1455
9560,1137
9561,310
9562,356
9563,129
9564,1328
9565,669
9566,481
9567,931
9568,1047
9569,128
9570,535
9571,1564
9572,1599
9573,1676
9574,101
9575,1209
9576,946
9577,959
9578,367
9579,1954
9580,981
9581,514
9582,1791
9583,481
9584,1196
9585,1440
9586,926
9587,1674
9588,548
9589,851
9590,1892
9591,1991
9592,741
9593,1050
9594,1229
9595,1634
9596,823
9597,592
9598,534
9599,766
9600,831
9601,1298
9602,3
9603,446
9604,1399
9605,148
9606,1222
9607,1318
9608,544
9609,422
9610,244
9611,1394
9612,470
9613,794
9614,1430
9615,1433
9616,670
9617,268
9618,1462
9619,764
9620,97
9621,1990
9622,1227
9623,613
9624,345
9625,462
9626,1100
9627,1646
9628,702
9629,1756
9630,538
9631,1964
9632,806
9633,942
9634,895
9635,81
9636,1029
9637,468
9638,533
9639,650
9640,551
9641,1798
9642,542
9643,1349
9644,1443
9645,1783
9646,386
9647,1208
9648,926
9649,500
9650,1962
9651,423
9652,1736
9653,664
9654,1049
9655,1941
9656,172
9657,1393
9658,774
9659,1647
9660,1114
9661,1020
9662,1899
9663,318
9664,122
9665,1596
9666,893
9667,1488
9668,1494
9669,1746
9670,1564
9671,773
9672,958
9673,151
9674,1737
9675,314
9676,1815
9677,1537
9678,1017
9679,1500
9680,1110
9681,376
9682,1877
9683,1669
9684,1366
9685,790
9686,1892
9687,1939
9688,1531
9689,696
9690,410
9691,262
9692,596
9693,1614
9694,219
9695,1863
9696,878
9697,1131
9698,164
9699,1242
9700,665
9701,1214
9702,1118
9703,1026
9704,1336
9705,197
9706,1683
9707,1703
9708,168
9709,268
9710,499
9711,852
9712,523
9713,683
9714,1305
9715,103
9716,1451
9717,468
9718,1457
9719,1290
9720,1524
9721,1827
9722,1180
9723,1936
9724,1903
9725,71
9726,363
9727,1860
9728,1077
9729,232
9730,1102
9731,1946
9732,1055
9733,1255
9734,876
9735,1058
9736,1111
9737,1650
9738,463
9739,701
9740,1099
9741,79
9742,324
9743,1988
9744,687
9745,1763
9746,1206
9747,871
9748,842
9749,688
9750,1035
9751,1566
9752,605
9753,1306
9754,1457
9755,34
9756,1525
9757,900
9758,38
9759,1863
9760,1642
9761,117
9762,978
9763,1500
9764,891
9765,1296
9766,167
9767,1282
9768,1701
9769,1398
9770,757
9771,985
9772,1227
9773,1758
9774,1440
9775,772
9776,1744
9777,1086
9778,1079
9779,415
9780,700
9781,912
9782,857
9783,1755
9784,726
9785,336
9786,1515
9787,1274
9788,1137
9789,214
9790,461
9791,877
9792,1514
9793,294
9794,1624
9795,830
9796,74
9797,1096
9798,1760
9799,79
9800,211
9801,1184
9802,1454
9803,1603
9804,1886
9805,1666
9806,602
9807,1966
9808,1913
9809,376
9810,1543
9811,599
9812,1944
9813,1003
9814,1747
9815,997
9816,1593
9817,1179
9818,732
9819,1444
9820,134
9821,601
9822,185
9823,1534
9824,695
9825,1491
9826,1886
9827,1133
9828,974
9829,1821
9830,64
9831,750
9832,825
9833,718
9834,1350
9835,346
9836,1631
9837,548
9838,1125
9839,1997
9840,1318
9841,552
9842,1869
9843,663
9844,425
9845,130
9846,417
9847,1865
9848,949
9849,24
9850,1059
9851,1195
9852,1787
9853,427
9854,457
9855,546
9856,1365
9857,1966
9858,143
9859,1501
9860,442
9861,734
9862,580
9863,1709
9864,858
9865,1124
9866,1811
9867,370
9868,261
9869,789
9870,252
9871,1664
9872,887
9873,1916
9874,1355
9875,592
9876,1359
9877,228
9878,520
9879,1611
9880,150
9881,231
9882,460
9883,1713
9884,825
9885,1066
9886,238
9887,1820
9888,440
9889,1962
9890,622
9891,238
9892,923
9893,1920
9894,1671
9895,583
9896,1280
9897,7
9898,562
9899,365
9900,199
9901,1114
9902,1919
9903,81
9904,1699
9905,37
9906,1804
9907,819
9908,1724
9909,1101
9910,1675
9911,350
9912,1411
9913,1719
9914,484
9915,518
9916,1149
9917,1470
9918,386
9919,1767
9920,1855
9921,1507
9922,1501
9923,1184
9924,1448
9925,153
9926,1267
9927,545
9928,1613
9929,1389
9930,592
9931,1931
9932,1512
9933,1885
9934,1200
9935,306
9936,239
9937,178
9938,1651
9939,499
9940,1444
9941,1778
9942,1659
9943,244
9944,360
9945,1347
9946,1591
9947,392
9948,102
9949,991
9950,801
9951,1380
9952,1659
9953,806
9954,1292
9955,1032
9956,1773
9957,1312
9958,47
9959,1444
9960,661
9961,1810
9962,1910
9963,1471
9964,1278
9965,920
9966,1351
9967,1465
9968,1454
9969,74
9970,1681
9971,538
9972,1316
9973,1059
9974,1697
9975,1084
9976,1946
9977,611
9978,390
9979,492
9980,1512
9981,1551
9982,924
9983,594
9984,1263
9985,128
9986,1165
9987,1279
9988,1326
9989,1619
9990,1279
9991,1297
9992,1245
9993,195
9994,1020
9995,1220
9996,137
9997,1840
9998,1718
9999,74
10000,1685
